rollout/ep_len_mean,time/time_elapsed,rollout/ep_rew_mean,time/total_timesteps,time/iterations,time/fps,train/clip_range,train/approx_kl,train/clip_fraction,train/policy_gradient_loss,train/explained_variance,train/learning_rate,train/entropy_loss,train/n_updates,train/loss,train/value_loss
178.54545454545453,1,-55.82727272727273,2048,1,1671,,,,,,,,,,
174.0,4,-52.54347826086956,4096,2,983,0.2,0.005721348,0.019921875,-0.0058028223327710295,0.02889019250869751,0.0003,-1.3831667732447386,10,6.409584999084473,10.158872711658478
169.91666666666666,6,-51.40833333333333,6144,3,907,0.2,0.009501727,0.0578125,-0.0065569140511797745,0.12379664182662964,0.0003,-1.372983645275235,20,7.067671298980713,15.688628704100847
165.46938775510205,9,-49.03061224489795,8192,4,867,0.2,0.0068199504,0.051904296875,-0.008040886107482947,0.08676654100418091,0.0003,-1.3635117936879397,30,12.328081130981445,22.053106054663658
167.44262295081967,12,-50.36721311475409,10240,5,844,0.2,0.0049532615,0.026025390625,-0.003175131130410591,0.1049649715423584,0.0003,-1.3506757289171218,40,8.594561576843262,26.674612744152547
165.45945945945945,14,-49.34594594594594,12288,6,834,0.2,0.008723682,0.07548828125,-0.008750599996710661,0.10988962650299072,0.0003,-1.3413036432117225,50,6.930474758148193,26.39745412170887
164.52325581395348,16,-49.14767441860465,14336,7,855,0.2,0.008209517,0.055712890625,-0.006048355747770984,0.07745283842086792,0.0003,-1.3339348014444112,60,23.190126419067383,36.2502913326025
163.4,18,-48.588999999999984,16384,8,872,0.2,0.008895835,0.0779296875,-0.006269388367945794,0.12578165531158447,0.0003,-1.3369610946625472,70,17.648488998413086,31.076713846623896
163.97,20,-49.51599999999999,18432,9,887,0.2,0.010326137,0.07294921875,-0.008401614023023285,0.13475990295410156,0.0003,-1.3251986976712942,80,15.019085884094238,47.70828029513359
163.28,22,-49.54200000000001,20480,10,897,0.2,0.006154226,0.0494140625,-0.005936737700540107,0.25089937448501587,0.0003,-1.3133001450449229,90,7.653809070587158,20.786569818854332
163.5,24,-49.4,22528,11,906,0.2,0.0062788343,0.029833984375,-0.003996046844986267,0.20769059658050537,0.0003,-1.3121423147618771,100,5.904721260070801,35.65187199711799
162.64,26,-48.929,24576,12,916,0.2,0.008687217,0.0501953125,-0.005026065307902172,0.13558584451675415,0.0003,-1.2982373755425214,110,12.021698951721191,38.07454844117164
152.74,28,-43.123000000000005,26624,13,925,0.2,0.0045951554,0.0326171875,-0.005820258619496599,0.07143521308898926,0.0003,-1.2868167504668235,120,12.035245895385742,61.36558651328087
147.27,30,-39.227999999999994,28672,14,930,0.2,0.009238019,0.0826171875,-0.010272526746848597,0.037949323654174805,0.0003,-1.2727946322411299,130,33.4627685546875,74.6224471092224
145.24,32,-38.366,30720,15,937,0.2,0.007935679,0.0748046875,-0.007855738486978226,0.018270790576934814,0.0003,-1.2593092877417802,140,28.33794593811035,62.55384920835495
136.66,34,-32.576,32768,16,940,0.2,0.0047816625,0.059423828125,-0.00720072924887063,0.08818382024765015,0.0003,-1.277403388917446,150,25.139116287231445,44.707955756783484
137.53,36,-34.001,34816,17,945,0.2,0.009427161,0.0875,-0.009625107937608846,0.08729338645935059,0.0003,-1.2702638410031795,160,22.83839988708496,63.47433854341507
132.97,38,-31.482000000000003,36864,18,952,0.2,0.007228826,0.07041015625,-0.008424885739805177,0.2789410948753357,0.0003,-1.2759741175919772,170,9.599455833435059,27.94804042875767
132.16,40,-30.898000000000003,38912,19,955,0.2,0.012389261,0.144384765625,-0.012810402682225686,0.10866677761077881,0.0003,-1.2756308391690254,180,25.167827606201172,60.33925575613976
131.02,42,-30.562,40960,20,960,0.2,0.008986546,0.0685546875,-0.008271321108622942,0.13191092014312744,0.0003,-1.2510681249201299,190,21.155214309692383,68.36494911313056
130.05,44,-29.824999999999996,43008,21,962,0.2,0.009605227,0.075244140625,-0.008865706107462757,0.12353229522705078,0.0003,-1.248095953837037,200,21.52430534362793,51.22726076245308
125.33,46,-27.041999999999998,45056,22,966,0.2,0.0071754167,0.0939453125,-0.008936632134282262,0.12090122699737549,0.0003,-1.2205662783235312,210,29.734472274780273,58.01400906443596
123.31,48,-25.2,47104,23,970,0.2,0.006153988,0.048583984375,-0.00433904667297611,0.039821624755859375,0.0003,-1.2025452084839343,220,26.058076858520508,61.82274297475815
124.0,50,-25.987000000000002,49152,24,972,0.2,0.008929428,0.113623046875,-0.011043648973281962,0.11332458257675171,0.0003,-1.2083097781985999,230,21.170751571655273,44.26837248802185
124.1,52,-26.77,51200,25,975,0.2,0.007658791,0.0841796875,-0.005806648945144844,0.1292552351951599,0.0003,-1.1806949496269226,240,31.380290985107422,44.6349346190691
120.61,54,-24.651,53248,26,979,0.2,0.0051639294,0.040283203125,-0.0038005000707926227,0.07489126920700073,0.0003,-1.1547652751207351,250,25.244688034057617,63.774246430397035
118.4,56,-23.962999999999997,55296,27,981,0.2,0.0068597584,0.075,-0.0076342792002833445,0.18151646852493286,0.0003,-1.188681995868683,260,27.353696823120117,51.280320453643796
118.63,58,-24.607999999999997,57344,28,983,0.2,0.008107769,0.08818359375,-0.008871485351119191,0.1787729263305664,0.0003,-1.2045196197926997,270,32.17724609375,49.03620095849037
110.89,60,-20.269999999999996,59392,29,985,0.2,0.0056074653,0.04443359375,-0.004778752668062225,0.24649375677108765,0.0003,-1.1748020946979523,280,27.960790634155273,53.512142992019655
113.92,62,-21.714000000000002,61440,30,987,0.2,0.00822242,0.11669921875,-0.009214397240430116,0.16607129573822021,0.0003,-1.1783767186105252,290,26.919260025024414,62.62626752853394
113.85,64,-21.330999999999996,63488,31,989,0.2,0.0077709593,0.094921875,-0.006438252286170609,0.10978031158447266,0.0003,-1.1881077356636525,300,19.370019912719727,44.51324579119682
117.08,66,-23.362000000000002,65536,32,990,0.2,0.008601613,0.077880859375,-0.007325648222467862,0.19803345203399658,0.0003,-1.1823731519281864,310,23.00575065612793,43.6981430798769
107.77,68,-17.71,67584,33,992,0.2,0.0042142654,0.05703125,-0.0055719667201628905,0.19407719373703003,0.0003,-1.1512995842844247,320,21.749309539794922,54.48947821259499
112.65,70,-20.693999999999996,69632,34,994,0.2,0.007735111,0.121875,-0.013011422377894632,0.17623424530029297,0.0003,-1.1302697412669658,330,24.90886878967285,70.64785734415054
113.38,72,-21.115000000000006,71680,35,995,0.2,0.008502996,0.113671875,-0.012290716866846196,0.14612042903900146,0.0003,-1.1744700334966183,340,32.23743438720703,45.36288422942162
109.8,73,-18.462999999999997,73728,36,996,0.2,0.0060270783,0.074755859375,-0.006409908364003058,0.15694588422775269,0.0003,-1.1770216532051563,350,18.494333267211914,39.73282412588596
109.23,76,-18.130000000000003,75776,37,996,0.2,0.005182095,0.0736328125,-0.006533802264311816,0.15073472261428833,0.0003,-1.1592494033277034,360,28.68277931213379,52.68713734149933
113.45,77,-20.824999999999996,77824,38,998,0.2,0.0068774624,0.058447265625,-0.007020462237414904,0.2106824517250061,0.0003,-1.1508624665439129,370,31.2343807220459,50.63778157234192
119.86,79,-25.092999999999996,79872,39,999,0.2,0.0068932613,0.057421875,-0.005105813672707881,0.24727016687393188,0.0003,-1.1372330479323864,380,25.8896427154541,47.28049852252006
121.88,81,-26.075,81920,40,999,0.2,0.0074802004,0.072265625,-0.006097968023823341,0.25302594900131226,0.0003,-1.148388784378767,390,9.37407112121582,32.88539011180401
121.9,83,-25.801,83968,41,1001,0.2,0.007995002,0.069970703125,-0.006840062422270421,0.23137986660003662,0.0003,-1.1784034673124553,400,20.18707847595215,51.33987402319908
118.57,85,-23.612999999999996,86016,42,1001,0.2,0.0058899387,0.0431640625,-0.006036864886118565,0.12082165479660034,0.0003,-1.1888817232102156,410,18.42582893371582,52.4090692281723
115.3,87,-21.125,88064,43,1002,0.2,0.009111012,0.13046875,-0.011513356908108108,0.11931270360946655,0.0003,-1.1877840414643288,420,20.244773864746094,62.22644100189209
119.64,89,-23.572,90112,44,1002,0.2,0.006167365,0.054150390625,-0.006237779727962333,0.16786211729049683,0.0003,-1.1677164934575557,430,34.39195251464844,57.54187418222428
113.7,91,-19.54,92160,45,1003,0.2,0.005879907,0.074072265625,-0.007855121725151548,0.16062074899673462,0.0003,-1.19343629963696,440,12.53130054473877,33.525647515058516
106.25,93,-15.583000000000002,94208,46,1005,0.2,0.006146051,0.082470703125,-0.007767165213590488,0.16843408346176147,0.0003,-1.1459813158959151,450,30.89232635498047,56.805505734682086
103.56,95,-14.342,96256,47,1006,0.2,0.008731766,0.094873046875,-0.00874874974397244,0.14404529333114624,0.0003,-1.1150977231562138,460,43.134212493896484,59.06395756602287
104.18,97,-14.880000000000003,98304,48,1006,0.2,0.0088143945,0.078515625,-0.00895457758451812,0.1348831057548523,0.0003,-1.1371743861585855,470,21.882936477661133,54.967869168519975
93.68,99,-8.635,100352,49,1006,0.2,0.006846642,0.045654296875,-0.007368478209536988,0.1462450623512268,0.0003,-1.1018018597736954,480,24.508636474609375,53.08668645024299
94.18,101,-8.638,102400,50,1007,0.2,0.0060315514,0.046923828125,-0.005260593102138955,0.14682316780090332,0.0003,-1.088166294246912,490,28.646575927734375,51.62824395298958
94.14,103,-8.914,104448,51,1008,0.2,0.0069516026,0.06083984375,-0.0058674557105405254,0.150007426738739,0.0003,-1.1146912401542068,500,16.880720138549805,45.170373106002806
95.47,106,-9.838,106496,52,1002,0.2,0.0072472715,0.076806640625,-0.008139717273297719,0.22554242610931396,0.0003,-1.0930415069684387,510,30.715660095214844,45.600132101774214
98.86,108,-11.907,108544,53,996,0.2,0.007895096,0.0669921875,-0.008861858214368112,0.21740031242370605,0.0003,-1.0477700913324952,520,29.778608322143555,54.676850992441175
95.28,111,-10.079,110592,54,990,0.2,0.0064766975,0.067431640625,-0.00753697501932038,0.26569604873657227,0.0003,-1.110557259246707,530,19.273273468017578,43.46093012094498
95.67,114,-9.955000000000002,112640,55,983,0.2,0.004987387,0.038916015625,-0.0032191407633945348,0.17290514707565308,0.0003,-1.063431791216135,540,25.4082088470459,53.10400480031967
93.63,117,-8.752,114688,56,974,0.2,0.009655121,0.098486328125,-0.010044760706659873,0.09035581350326538,0.0003,-1.0806709816679358,550,19.576335906982422,46.08040976524353
91.89,120,-7.952999999999999,116736,57,968,0.2,0.0055253245,0.051708984375,-0.0033611199338338337,0.20819777250289917,0.0003,-1.0587117908522488,560,23.312854766845703,47.82346670627594
92.29,123,-8.411999999999999,118784,58,963,0.2,0.0061730067,0.05390625,-0.007422332668647868,0.16178250312805176,0.0003,-1.096703576669097,570,18.466150283813477,43.32392529845238
90.64,126,-7.467000000000001,120832,59,958,0.2,0.0068333405,0.070849609375,-0.006632831440947484,0.27032965421676636,0.0003,-1.11021118555218,580,20.04893684387207,43.46205514073372
92.24,128,-8.14,122880,60,954,0.2,0.005535499,0.05283203125,-0.004356810577155557,0.2327953577041626,0.0003,-1.1044974956661462,590,26.08984375,48.85775992870331
94.47,131,-9.407,124928,61,948,0.2,0.0068146805,0.06474609375,-0.006776267438544892,0.2115972638130188,0.0003,-1.1328470539301634,600,28.028430938720703,46.35528672933579
87.58,134,-5.366999999999998,126976,62,941,0.2,0.0054224133,0.05302734375,-0.004386416070337873,0.2194545865058899,0.0003,-1.0772128876298666,610,21.865896224975586,42.85700272321701
92.04,137,-8.279,129024,63,940,0.2,0.007831048,0.075341796875,-0.0064748609569505785,0.2612062096595764,0.0003,-1.0904288891702891,620,19.764652252197266,43.86239112019539
85.46,139,-4.952000000000001,131072,64,941,0.2,0.004277618,0.039453125,-0.006116674414079171,0.2904127836227417,0.0003,-1.095046741515398,630,22.4863224029541,37.28168101906776
87.77,141,-6.269000000000001,133120,65,942,0.2,0.0063394373,0.050341796875,-0.007079765625530854,0.22914737462997437,0.0003,-1.0479225987568497,640,24.861948013305664,56.415157842636106
86.24,143,-4.560000000000001,135168,66,943,0.2,0.011079745,0.13701171875,-0.010656294845102821,0.1765228509902954,0.0003,-1.0766021402552723,650,20.208890914916992,35.19079481363296
88.31,145,-4.862,137216,67,944,0.2,0.0073022903,0.078564453125,-0.00808750121650519,0.17685949802398682,0.0003,-1.0598464015871287,660,18.633081436157227,40.213996815681455
87.8,147,-4.31,139264,68,944,0.2,0.006978054,0.080859375,-0.007539249813999049,0.13532298803329468,0.0003,-1.106750862672925,670,19.77855682373047,36.29771416187286
88.43,149,-4.468999999999999,141312,69,945,0.2,0.00529918,0.069921875,-0.006523337957332842,0.17487460374832153,0.0003,-1.082259158603847,680,16.870603561401367,40.305108439922336
86.22,151,-3.1630000000000003,143360,70,946,0.2,0.0061223684,0.05703125,-0.00509020821627928,0.22640550136566162,0.0003,-1.0679475435987116,690,23.05788803100586,38.878503751754764
86.24,153,-3.3280000000000007,145408,71,947,0.2,0.006186692,0.055908203125,-0.006696716294754879,0.2796406149864197,0.0003,-1.0725162539631128,700,20.855072021484375,35.82994427680969
84.71,155,-2.62,147456,72,948,0.2,0.007538178,0.0818359375,-0.00915567816773546,0.2815837264060974,0.0003,-1.0888929573819042,710,13.851819038391113,34.741795963048936
87.59,158,-4.148000000000001,149504,73,945,0.2,0.009668207,0.14091796875,-0.013301125065481756,0.2428622841835022,0.0003,-1.0331654952839018,720,23.102380752563477,41.44036644101143
88.88,160,-4.784,151552,74,941,0.2,0.008154657,0.083349609375,-0.009000159682182129,0.20735347270965576,0.0003,-1.0820300882682203,730,17.05649185180664,34.03683978319168
85.29,163,-3.166999999999999,153600,75,937,0.2,0.008708786,0.0857421875,-0.0060073926346376535,0.2356826663017273,0.0003,-1.0960267286747694,740,14.038457870483398,32.65034559965134
87.45,166,-4.223,155648,76,935,0.2,0.0053230817,0.05341796875,-0.005480520275887102,0.26140475273132324,0.0003,-1.0404411863535643,750,18.265607833862305,42.023787105083464
83.96,168,-2.485999999999999,157696,77,933,0.2,0.008097303,0.0986328125,-0.008234010680462233,0.34758299589157104,0.0003,-1.0549693129956723,760,11.223302841186523,40.39933170676231
82.87,171,-2.083,159744,78,931,0.2,0.0065175802,0.0625,-0.006999900614027865,0.1805153489112854,0.0003,-1.0427729265764356,770,20.483142852783203,43.18393024802208
84.9,174,-3.315,161792,79,929,0.2,0.0071806535,0.067138671875,-0.008683884084166493,0.2114071249961853,0.0003,-1.016967430524528,780,22.49881362915039,38.402944159507754
85.03,176,-4.1339999999999995,163840,80,927,0.2,0.009743761,0.11875,-0.010820876715297346,0.23679345846176147,0.0003,-1.0390234159305691,790,11.771862030029297,37.72125225663185
86.15,179,-4.845999999999999,165888,81,925,0.2,0.006512104,0.066259765625,-0.006759589447756298,0.31320691108703613,0.0003,-1.0170654065907,800,16.3909854888916,42.755294752120975
89.32,181,-7.946999999999999,167936,82,924,0.2,0.008191975,0.06611328125,-0.006339054525597021,0.2786732316017151,0.0003,-1.0499389879405499,810,23.04855728149414,38.48362857103348
84.27,184,-4.819,169984,83,923,0.2,0.010252745,0.087744140625,-0.010066146032477264,0.42355990409851074,0.0003,-1.044917545840144,820,16.58099365234375,36.475665631890294
82.49,186,-2.733,172032,84,921,0.2,0.006941166,0.05634765625,-0.00715740334126167,0.21732741594314575,0.0003,-1.0215670753270387,830,23.780818939208984,45.314369052648544
85.43,189,-4.114,174080,85,919,0.2,0.006071686,0.07333984375,-0.006499706524482463,0.25083160400390625,0.0003,-1.0438296468928456,840,24.282033920288086,37.52759671807289
82.31,191,-0.06300000000000004,176128,86,918,0.2,0.008570733,0.09716796875,-0.010699219221714884,0.3477618098258972,0.0003,-1.0818291243165732,850,10.302667617797852,32.86892484426498
81.47,194,0.36499999999999994,178176,87,917,0.2,0.006520789,0.05009765625,-0.005570702726254239,0.2699509859085083,0.0003,-1.0727247109636664,860,22.36945152282715,40.21882069706917
79.99,196,0.971,180224,88,916,0.2,0.006624749,0.053515625,-0.0060422107810154555,0.3174460530281067,0.0003,-0.9892445417121053,870,19.496244430541992,39.914431762695315
74.56,199,3.806,182272,89,914,0.2,0.010319209,0.0734375,-0.008108448194980156,0.2528671622276306,0.0003,-0.9868305766955018,880,15.047712326049805,38.3545824766159
72.76,201,4.397,184320,90,912,0.2,0.0076458897,0.060205078125,-0.008033375915692887,0.30408382415771484,0.0003,-1.004739437252283,890,16.823970794677734,34.131222462654115
71.22,204,4.808,186368,91,911,0.2,0.008493712,0.09677734375,-0.009327735767874401,0.33907264471054077,0.0003,-0.9943787220865488,900,12.021729469299316,33.84743525981903
71.46,207,4.748999999999999,188416,92,910,0.2,0.00893784,0.080224609375,-0.008174125650839414,0.2599714398384094,0.0003,-0.9602054951712489,910,15.90046215057373,36.782543218135835
69.68,209,4.736000000000001,190464,93,909,0.2,0.0040280176,0.071875,-0.0072736974572762845,0.2654927372932434,0.0003,-0.8927408650517463,920,18.36720085144043,39.594643944501875
68.38,211,5.115999999999999,192512,94,908,0.2,0.009541934,0.057763671875,-0.007690025662304834,0.33103716373443604,0.0003,-0.9232537066563964,930,15.771747589111328,33.22132722139359
65.78,214,6.343999999999999,194560,95,906,0.2,0.009715012,0.088134765625,-0.009255108229990584,0.33314549922943115,0.0003,-0.9564310785382986,940,15.195991516113281,34.29295392632484
64.22,217,7.325999999999999,196608,96,905,0.2,0.007288044,0.0802734375,-0.007898616908641997,0.3152729868888855,0.0003,-0.8466355971992016,950,13.409022331237793,31.19825945496559
61.07,220,9.362,198656,97,902,0.2,0.008164661,0.0939453125,-0.01154083128349157,0.44167035818099976,0.0003,-0.9182502366602421,960,17.68817710876465,32.67854490876198
63.95,222,7.936,200704,98,901,0.2,0.0069472375,0.07724609375,-0.00736179099912988,0.3909677267074585,0.0003,-0.9064396588131786,970,11.396149635314941,31.31864783167839
62.45,225,9.484000000000002,202752,99,899,0.2,0.008510298,0.076611328125,-0.008327784357243217,0.3682764768600464,0.0003,-0.8957042748108506,980,13.024238586425781,28.303319811820984
63.21,228,9.274,204800,100,897,0.2,0.0080738375,0.09765625,-0.010735902705346235,0.30424678325653076,0.0003,-0.9089534299448132,990,13.023517608642578,26.80910672545433
62.6,230,9.757,206848,101,895,0.2,0.0063415654,0.07197265625,-0.00908535091293743,0.35693174600601196,0.0003,-0.8919752148911357,1000,17.859365463256836,31.552341002225877
58.12,233,11.644999999999998,208896,102,893,0.2,0.0065875594,0.0490234375,-0.006012665550224483,0.4454631805419922,0.0003,-0.8831196142360568,1010,13.97386360168457,32.488031297922134
54.82,236,13.499999999999998,210944,103,891,0.2,0.00948455,0.0919921875,-0.01078935837285826,0.28840428590774536,0.0003,-0.8191813986748457,1020,13.799049377441406,26.677083736658098
57.03,239,12.099999999999998,212992,104,889,0.2,0.0078124595,0.066015625,-0.005681543241371401,0.4220759868621826,0.0003,-0.8875398168340325,1030,13.511260986328125,26.021800816059113
61.17,242,9.626,215040,105,887,0.2,0.007496998,0.05732421875,-0.006962041497899918,0.4873443841934204,0.0003,-0.8687300864607096,1040,11.573646545410156,27.555276691913605
63.01,245,8.321,217088,106,885,0.2,0.008493368,0.1017578125,-0.009192000795155763,0.5226807594299316,0.0003,-0.8604373279958963,1050,12.681774139404297,25.900808861851694
58.63,247,10.454999999999998,219136,107,884,0.2,0.0072901887,0.0748046875,-0.00578895283251768,0.3600766062736511,0.0003,-0.8782352823764086,1060,11.410820960998535,30.756445825099945
59.21,250,10.988999999999999,221184,108,882,0.2,0.0073497994,0.04892578125,-0.007120549441606272,0.24471867084503174,0.0003,-0.8000082915648818,1070,10.652212142944336,29.50498471856117
56.52,253,12.849999999999998,223232,109,881,0.2,0.007439207,0.074072265625,-0.009666051468229853,0.4308292865753174,0.0003,-0.852965215779841,1080,11.382481575012207,27.158613884449004
59.94,255,10.808,225280,110,880,0.2,0.006236896,0.069140625,-0.008298198119882727,0.44023287296295166,0.0003,-0.8555353220552206,1090,10.678545951843262,26.460735523700713
61.37,258,9.660000000000002,227328,111,880,0.2,0.004618026,0.03564453125,-0.004123262174834963,0.5224652290344238,0.0003,-0.8689436551183463,1100,13.001032829284668,27.864061105251313
59.48,260,10.559,229376,112,880,0.2,0.0064195264,0.07587890625,-0.009314069406536873,0.49801188707351685,0.0003,-0.8800987467169762,1110,23.538684844970703,33.579676640033725
53.78,263,13.889000000000001,231424,113,879,0.2,0.0062244153,0.0744140625,-0.007963283658318688,0.4056456685066223,0.0003,-0.8314667034894228,1120,17.034774780273438,30.707320672273635
52.34,265,14.698000000000002,233472,114,878,0.2,0.007725875,0.087255859375,-0.007645202225830872,0.4697169065475464,0.0003,-0.8380070315673948,1130,13.127828598022461,25.670110630989075
48.19,268,16.585,235520,115,876,0.2,0.007393397,0.058642578125,-0.008084983003209345,0.4368947744369507,0.0003,-0.783543149381876,1140,9.884584426879883,25.862302190065385
50.76,271,15.248000000000001,237568,116,875,0.2,0.005322352,0.05087890625,-0.0070158051312319,0.45063215494155884,0.0003,-0.7676282843574882,1150,12.003180503845215,23.0681931078434
51.73,274,14.912,239616,117,874,0.2,0.008857182,0.097119140625,-0.008999541656521615,0.4803352952003479,0.0003,-0.8324568072333932,1160,11.402167320251465,25.286398217082024
50.73,276,15.232000000000001,241664,118,873,0.2,0.006360273,0.051904296875,-0.006005300785182044,0.47028297185897827,0.0003,-0.7294776348397136,1170,9.999574661254883,22.733565750718117
48.77,279,15.867,243712,119,871,0.2,0.005776574,0.089111328125,-0.009444921941030771,0.5846296548843384,0.0003,-0.7897090623155236,1180,12.905961036682129,24.023905435204504
45.2,282,17.44,245760,120,870,0.2,0.009018334,0.061328125,-0.007886811744538137,0.5009168386459351,0.0003,-0.7358960179612041,1190,11.441397666931152,26.0620046466589
44.39,284,17.689,247808,121,869,0.2,0.0038060641,0.04404296875,-0.0027580854657571763,0.3772827386856079,0.0003,-0.6712054187431932,1200,9.986492156982422,20.265097346901893
41.95,287,19.383000000000003,249856,122,869,0.2,0.008075779,0.065478515625,-0.008380263131402898,0.5539587140083313,0.0003,-0.7350662751123309,1210,6.918640613555908,21.898980101943017
42.0,290,19.565,251904,123,867,0.2,0.005274268,0.0546875,-0.007654271007049828,0.5278241634368896,0.0003,-0.6124884475022554,1220,7.845674514770508,19.99151637852192
44.73,292,18.365,253952,124,866,0.2,0.0076618386,0.08212890625,-0.009157536261773203,0.5829821228981018,0.0003,-0.7032773062586785,1230,9.363865852355957,19.716434052586557
43.58,295,19.12,256000,125,866,0.2,0.0063927686,0.07734375,-0.007198575236543547,0.529769778251648,0.0003,-0.6516724670305848,1240,12.262481689453125,21.558765625953676
44.79,298,18.130999999999997,258048,126,865,0.2,0.0066408087,0.07734375,-0.00968137210002169,0.5304147601127625,0.0003,-0.6538208235055208,1250,9.307488441467285,19.394704395532607
44.25,301,18.389,260096,127,863,0.2,0.006621087,0.05908203125,-0.0071191651120898316,0.6246782541275024,0.0003,-0.656703302450478,1260,10.520702362060547,19.62575637102127
41.75,304,19.754,262144,128,862,0.2,0.0133933285,0.064013671875,-0.007313751085894183,0.47040289640426636,0.0003,-0.6397473545745015,1270,8.75635814666748,19.84306372106075
42.02,306,19.58,264192,129,861,0.2,0.007876597,0.09189453125,-0.011609389894874766,0.5174851417541504,0.0003,-0.6459045181050896,1280,7.66157865524292,17.654498049616812
44.36,309,18.606999999999996,266240,130,860,0.2,0.0062173223,0.072119140625,-0.006534223799826577,0.5671789646148682,0.0003,-0.6474634561687708,1290,8.563326835632324,17.550766924023627
40.24,312,20.521000000000004,268288,131,859,0.2,0.0075974856,0.0716796875,-0.009231482405448332,0.563139796257019,0.0003,-0.6509547734633088,1300,8.560332298278809,16.496877482533456
37.66,314,21.732,270336,132,858,0.2,0.009035335,0.08212890625,-0.011283728772832546,0.5322138071060181,0.0003,-0.5161210414022207,1310,3.702369451522827,11.703646898269653
41.0,317,20.125999999999998,272384,133,858,0.2,0.005412976,0.059326171875,-0.006358056315366412,0.6104270219802856,0.0003,-0.6293079987168312,1320,6.345712661743164,13.423690739274026
39.14,319,20.925000000000004,274432,134,858,0.2,0.0049976055,0.064306640625,-0.007549899489822565,0.6289730072021484,0.0003,-0.5962564101442694,1330,7.556837558746338,17.257748436927795
36.48,322,22.055000000000003,276480,135,857,0.2,0.0051115854,0.064013671875,-0.008144276678649476,0.6652218103408813,0.0003,-0.5825960329733789,1340,9.214159965515137,18.60814342200756
36.23,324,22.535999999999998,278528,136,857,0.2,0.00515699,0.0453125,-0.005539708952710498,0.6913508176803589,0.0003,-0.5192752446979284,1350,9.776329040527344,17.01819519996643
36.32,327,22.415999999999993,280576,137,857,0.2,0.0053542396,0.057958984375,-0.00541420464287512,0.6640913486480713,0.0003,-0.553013398591429,1360,7.8538641929626465,16.5053891479969
39.12,329,20.778999999999996,282624,138,857,0.2,0.007329587,0.070849609375,-0.010143833652546164,0.6795080900192261,0.0003,-0.5118732084520161,1370,10.02412223815918,14.371992745995522
38.18,332,21.162999999999997,284672,139,856,0.2,0.009354455,0.09169921875,-0.007997353402606678,0.5678492784500122,0.0003,-0.5910437285900116,1380,6.369963645935059,15.021096262335778
39.75,334,20.932,286720,140,856,0.2,0.006242711,0.073291015625,-0.008092559858050663,0.6459534168243408,0.0003,-0.5116759513504803,1390,7.605561256408691,15.166928160190583
44.92,337,18.457,288768,141,856,0.2,0.0048601283,0.0615234375,-0.00716428645682754,0.6618295907974243,0.0003,-0.5788465703837573,1400,5.426708221435547,16.13811458647251
43.88,339,18.656000000000002,290816,142,856,0.2,0.0054039434,0.070751953125,-0.00524833876406774,0.713938295841217,0.0003,-0.6507805626839399,1410,6.129298210144043,21.689279839396477
39.6,342,20.482999999999997,292864,143,855,0.2,0.004343296,0.039794921875,-0.006107188794703689,0.5987544059753418,0.0003,-0.5181593545712531,1420,12.984649658203125,24.089200946688653
39.29,344,20.682,294912,144,855,0.2,0.0036982636,0.05595703125,-0.00628391907812329,0.6458368301391602,0.0003,-0.5479009329341352,1430,9.2394380569458,21.46031012535095
35.04,347,22.862000000000002,296960,145,855,0.2,0.0039973827,0.05087890625,-0.0047770365112228316,0.5306501388549805,0.0003,-0.4938795456662774,1440,8.082094192504883,19.120104724168776
33.95,349,23.394000000000002,299008,146,855,0.2,0.0045336504,0.061083984375,-0.007714049438072834,0.6453850865364075,0.0003,-0.4403045392595232,1450,7.010586738586426,12.85432780534029
36.61,352,21.872999999999994,301056,147,854,0.2,0.005554774,0.065869140625,-0.0068359533121110875,0.7056482434272766,0.0003,-0.4433289452455938,1460,4.458043575286865,10.210346856713295
39.25,354,20.535999999999998,303104,148,854,0.2,0.0065780757,0.069384765625,-0.007634450249315705,0.7287386655807495,0.0003,-0.538795127812773,1470,7.960689544677734,15.412161692976952
37.67,357,21.665000000000006,305152,149,854,0.2,0.0047692647,0.05380859375,-0.005888106859492837,0.6890014410018921,0.0003,-0.4951177891343832,1480,8.213305473327637,16.581299668550493
40.77,359,20.14,307200,150,854,0.2,0.0052431207,0.063525390625,-0.004742285082465969,0.7232712507247925,0.0003,-0.492964182049036,1490,9.125615119934082,17.044494232535364
43.9,362,18.250999999999998,309248,151,853,0.2,0.0073642135,0.0810546875,-0.007863185260794126,0.6363480091094971,0.0003,-0.5670024098828435,1500,10.11236572265625,21.85665733516216
41.69,364,19.354,311296,152,853,0.2,0.009729223,0.067822265625,-0.008244794126221677,0.6434781551361084,0.0003,-0.5561172351241112,1510,12.2778959274292,21.861954376101494
41.97,367,19.355,313344,153,853,0.2,0.007328025,0.068994140625,-0.008891563744691666,0.6078836917877197,0.0003,-0.49946684036403893,1520,11.790184020996094,23.2141354650259
41.63,369,19.444,315392,154,853,0.2,0.0055361427,0.0626953125,-0.006341249497199897,0.6442143321037292,0.0003,-0.5384410855360329,1530,9.835366249084473,24.130153492093086
37.43,372,21.603999999999996,317440,155,852,0.2,0.004733816,0.056201171875,-0.007004868439980783,0.6784824132919312,0.0003,-0.4830664886161685,1540,13.347427368164062,22.440839478373526
36.46,374,22.206999999999997,319488,156,852,0.2,0.0039490047,0.0546875,-0.0048359779844759036,0.6756936311721802,0.0003,-0.41135392379947006,1550,12.014351844787598,17.475659158825874
37.79,377,21.682000000000002,321536,157,852,0.2,0.0057874965,0.056591796875,-0.007112936588237062,0.6926735639572144,0.0003,-0.4415711379610002,1560,10.419740676879883,18.347007703781127
34.87,379,22.430999999999997,323584,158,852,0.2,0.006628948,0.080029296875,-0.007436541555216536,0.6830360889434814,0.0003,-0.46104576243087647,1570,14.348440170288086,18.882482954859732
39.44,382,19.831,325632,159,851,0.2,0.009909734,0.07236328125,-0.006139545490441378,0.7472318410873413,0.0003,-0.4363968074321747,1580,9.332853317260742,15.131514351069928
36.6,384,21.662000000000003,327680,160,851,0.2,0.0070608472,0.066064453125,-0.007216751395026222,0.688502311706543,0.0003,-0.47648644922301175,1590,9.701189041137695,16.820946943759918
32.98,387,23.87,329728,161,851,0.2,0.0046564974,0.049169921875,-0.008216252208512742,0.5535472631454468,0.0003,-0.36933126458898186,1600,7.920997142791748,14.36633940935135
33.71,389,23.622,331776,162,851,0.2,0.009617444,0.08974609375,-0.010382884521095547,0.6510779857635498,0.0003,-0.3692448732908815,1610,3.4487059116363525,8.018321169912815
36.89,392,21.951,333824,163,851,0.2,0.008126864,0.09130859375,-0.008832229072868358,0.7087494134902954,0.0003,-0.41696047140285375,1620,5.149322986602783,9.024397651851178
34.68,394,22.827,335872,164,851,0.2,0.005998697,0.0642578125,-0.009840847915620543,0.7127372026443481,0.0003,-0.4874705529771745,1630,6.67159366607666,11.795748798549175
37.82,397,21.549,337920,165,850,0.2,0.010559471,0.085302734375,-0.012853077838371973,0.6989215612411499,0.0003,-0.377327183354646,1640,3.6631603240966797,8.08787752687931
37.54,399,21.561,339968,166,850,0.2,0.0060630683,0.07529296875,-0.006434917384467553,0.6240921020507812,0.0003,-0.5260229039937258,1650,4.553697109222412,12.676337304711343
34.85,402,22.588999999999995,342016,167,850,0.2,0.0048406874,0.0591796875,-0.007735146967752371,0.6287581920623779,0.0003,-0.393976030126214,1660,5.6189398765563965,13.953511598706246
32.33,404,24.175999999999995,344064,168,850,0.2,0.009098783,0.062451171875,-0.007405843224842101,0.6768487691879272,0.0003,-0.36158430357463656,1670,3.971853494644165,10.731553798913955
35.87,407,22.153000000000002,346112,169,850,0.2,0.0068220934,0.072509765625,-0.00691468509612605,0.6906891465187073,0.0003,-0.3701234446372837,1680,5.590212345123291,9.390920194983483
31.62,409,24.397999999999996,348160,170,849,0.2,0.01119525,0.078076171875,-0.009227554579410935,0.4638838768005371,0.0003,-0.41518785431981087,1690,5.030851364135742,10.408170081675053
33.22,412,23.55,350208,171,849,0.2,0.005875878,0.046142578125,-0.006604989041079534,0.7067161798477173,0.0003,-0.3424046234693378,1700,6.1632843017578125,10.124943879246711
37.32,414,21.556000000000004,352256,172,849,0.2,0.0050870925,0.066650390625,-0.008699978777440266,0.6138150691986084,0.0003,-0.36093762079253794,1710,5.515838146209717,10.762676753103733
36.64,417,22.096000000000004,354304,173,849,0.2,0.0071167666,0.09091796875,-0.013087403810641263,0.6813058853149414,0.0003,-0.44207982616499064,1720,6.85547399520874,12.860642291605473
37.4,419,21.811,356352,174,849,0.2,0.005841039,0.0583984375,-0.0075906365498667585,0.5755321979522705,0.0003,-0.4052028805948794,1730,7.321689605712891,15.97330334186554
35.99,422,22.199999999999996,358400,175,848,0.2,0.0053357105,0.0625,-0.007590081972011831,0.6776000261306763,0.0003,-0.3916810991242528,1740,7.030575752258301,14.528945888578892
36.82,425,21.548000000000002,360448,176,847,0.2,0.010765936,0.086279296875,-0.00793444002920296,0.6038191318511963,0.0003,-0.4369584218598902,1750,7.878278732299805,13.75447120964527
35.52,427,22.645000000000003,362496,177,847,0.2,0.0062013925,0.0630859375,-0.007915299240266904,0.6072598695755005,0.0003,-0.3619954689405859,1760,4.915859699249268,11.193525625765323
35.5,430,22.539,364544,178,846,0.2,0.008643291,0.0705078125,-0.006722576971515082,0.6669113636016846,0.0003,-0.43579083038493993,1770,6.430417537689209,13.330532704293727
30.83,433,24.774,366592,179,845,0.2,0.0056675537,0.05751953125,-0.007146220602589892,0.6713786125183105,0.0003,-0.37854182459414004,1780,6.396083831787109,14.334516420960426
33.73,436,22.677000000000003,368640,180,845,0.2,0.0067224707,0.058251953125,-0.006643854414869565,0.60423743724823,0.0003,-0.27970223654992876,1790,2.1100378036499023,5.7841235280036924
38.05,438,21.166000000000004,370688,181,844,0.2,0.016533494,0.08642578125,-0.016282041918020695,0.59496009349823,0.0003,-0.432955155801028,1800,4.449687480926514,10.063478223979473
37.2,441,21.966999999999995,372736,182,844,0.2,0.0065205838,0.055615234375,-0.007936211804917548,0.7290973663330078,0.0003,-0.450089152995497,1810,5.47258996963501,12.409290438890457
37.46,443,22.028000000000002,374784,183,844,0.2,0.0064627333,0.056396484375,-0.005723598868644331,0.739948570728302,0.0003,-0.3524690250400454,1820,4.859984874725342,10.26647928059101
36.11,446,22.563999999999997,376832,184,843,0.2,0.006101729,0.078369140625,-0.007857146469177678,0.6757714748382568,0.0003,-0.4511713097803295,1830,6.090322971343994,13.359763848781586
33.43,449,23.529000000000007,378880,185,843,0.2,0.005948077,0.064013671875,-0.01091533591679763,0.6162084341049194,0.0003,-0.3424746430944651,1840,4.270481109619141,12.910635566711425
38.44,451,20.646,380928,186,843,0.2,0.0036931387,0.060009765625,-0.004864838400681038,0.6977754831314087,0.0003,-0.35954760750755665,1850,3.517772674560547,11.424243701994419
39.67,454,20.166,382976,187,842,0.2,0.006923354,0.08173828125,-0.009155562294472475,0.7556127309799194,0.0003,-0.44625476775690914,1860,8.705245971679688,16.33197380900383
34.43,457,23.084000000000007,385024,188,842,0.2,0.004878118,0.054443359375,-0.006019806899712421,0.6777659058570862,0.0003,-0.4000888061709702,1870,9.065420150756836,18.464452981948853
32.3,459,24.131999999999998,387072,189,841,0.2,0.0072497353,0.05947265625,-0.008499430726806168,0.6791735887527466,0.0003,-0.38351628063246607,1880,7.372401237487793,17.649784272909166
32.44,462,24.058000000000003,389120,190,841,0.2,0.006512707,0.05615234375,-0.004699068010086194,0.6966170072555542,0.0003,-0.3480241316370666,1890,5.189690113067627,12.81963212788105
36.85,464,21.75,391168,191,841,0.2,0.0040400475,0.054296875,-0.006419792375163524,0.6534461975097656,0.0003,-0.32991299564018844,1900,5.513175964355469,10.482669489085675
36.34,467,21.904,393216,192,841,0.2,0.007955359,0.0939453125,-0.009126511671638582,0.6720392107963562,0.0003,-0.4957811262458563,1910,4.827916622161865,15.504050248861313
33.59,470,23.262999999999998,395264,193,840,0.2,0.0048980755,0.051025390625,-0.006801460011047311,0.6761574745178223,0.0003,-0.33393519283272327,1920,7.410905838012695,12.528384751081466
32.08,472,23.982000000000003,397312,194,840,0.2,0.0053738737,0.06396484375,-0.006148967838089448,0.6513481736183167,0.0003,-0.34641056088730693,1930,4.9565324783325195,12.318864993751049
32.8,475,23.613999999999997,399360,195,840,0.2,0.0074255867,0.076318359375,-0.008987205395533238,0.6323938369750977,0.0003,-0.3472028290387243,1940,4.703960418701172,11.99157942533493
32.26,477,24.096,401408,196,839,0.2,0.0076234946,0.0783203125,-0.01036046937952051,0.7153958082199097,0.0003,-0.36543213804252445,1950,5.446316242218018,13.130181074142456
33.54,480,23.397,403456,197,839,0.2,0.007472522,0.0810546875,-0.008303419054936968,0.7169104814529419,0.0003,-0.34077016115188596,1960,2.4022889137268066,10.225834596157075
34.85,482,22.562,405504,198,839,0.2,0.010830614,0.07978515625,-0.00964731787535129,0.718032717704773,0.0003,-0.3868540266994387,1970,4.031763553619385,9.90763453990221
35.09,485,22.531,407552,199,839,0.2,0.008838013,0.087646484375,-0.008745422329229768,0.7766550779342651,0.0003,-0.4243184465914965,1980,5.191109657287598,12.584171982109547
33.68,488,23.344999999999995,409600,200,839,0.2,0.0058869654,0.077685546875,-0.010055986919905991,0.709883451461792,0.0003,-0.3512125131674111,1990,7.036619186401367,14.677304334938526
29.26,490,25.451999999999998,411648,201,838,0.2,0.007844251,0.0607421875,-0.0049326635577017445,0.7026991844177246,0.0003,-0.40425375374034045,2000,6.115774154663086,13.543197731673718
33.5,493,23.576999999999998,413696,202,838,0.2,0.0052885343,0.0474609375,-0.006642070136149414,0.7227305173873901,0.0003,-0.2567176828160882,2010,3.2681565284729004,6.881530557572842
31.39,495,24.526,415744,203,838,0.2,0.0072184596,0.067578125,-0.006021885399241001,0.7399982213973999,0.0003,-0.3593944514170289,2020,4.077790260314941,10.804031428694724
37.53,498,21.4,417792,204,838,0.2,0.004995225,0.046630859375,-0.005795695987762884,0.7685235142707825,0.0003,-0.3085135185625404,2030,4.5306501388549805,10.595874159038067
37.65,500,21.338,419840,205,838,0.2,0.008733671,0.0671875,-0.006073573335015681,0.6499873995780945,0.0003,-0.4622110780328512,2040,5.122045040130615,13.331502440571786
35.88,503,22.335999999999995,421888,206,838,0.2,0.0051628673,0.0587890625,-0.005593250550737139,0.6759994626045227,0.0003,-0.34986713430844246,2050,10.589556694030762,15.588462427258492
29.76,505,25.296,423936,207,838,0.2,0.0052813403,0.0583984375,-0.004657157298061066,0.7285715341567993,0.0003,-0.3991509582847357,2060,7.34507417678833,14.673961973190307
30.65,508,24.884,425984,208,838,0.2,0.0041844193,0.040283203125,-0.003910447165981168,0.7023674249649048,0.0003,-0.2303458600305021,2070,3.2866880893707275,5.321703293174505
31.71,510,24.498,428032,209,837,0.2,0.005337882,0.056884765625,-0.0065501194505486636,0.7459434270858765,0.0003,-0.2942843038123101,2080,3.9923274517059326,7.962429827451706
30.54,513,24.786000000000005,430080,210,837,0.2,0.00582112,0.051513671875,-0.003974359879794065,0.753255307674408,0.0003,-0.2910703985951841,2090,2.960057020187378,7.737175467610359
33.02,515,23.646,432128,211,837,0.2,0.0069309087,0.07109375,-0.008271406011772342,0.6571605205535889,0.0003,-0.2942653850186616,2100,2.188865900039673,7.260448053479195
30.68,518,24.816,434176,212,837,0.2,0.0064670183,0.060107421875,-0.00905561556792236,0.7224924564361572,0.0003,-0.301667748671025,2110,4.480128765106201,8.527699734270573
30.34,520,25.035999999999994,436224,213,837,0.2,0.004595684,0.05048828125,-0.005544630323856836,0.7387666702270508,0.0003,-0.25427201823331413,2120,2.788851737976074,5.831089405715465
31.54,523,24.414,438272,214,837,0.2,0.006298419,0.0623046875,-0.00855893559055403,0.7146205902099609,0.0003,-0.26637715711258353,2130,1.8356655836105347,6.633594433963299
34.78,525,22.892,440320,215,837,0.2,0.0053433413,0.05234375,-0.0069117923150770364,0.7317392826080322,0.0003,-0.27638877504505216,2140,3.174321174621582,7.185828051716089
32.26,528,24.072,442368,216,837,0.2,0.003964994,0.043310546875,-0.0038020805863197894,0.7215532064437866,0.0003,-0.3662264734040946,2150,4.968575954437256,10.601103995740413
32.74,530,23.738000000000003,444416,217,837,0.2,0.0050830757,0.04755859375,-0.005729606263776077,0.6598106622695923,0.0003,-0.2814420069102198,2160,5.175143241882324,11.096439485251903
32.02,533,24.209999999999994,446464,218,837,0.2,0.0038343905,0.0564453125,-0.004505493080796441,0.7257875204086304,0.0003,-0.3323353201150894,2170,4.213375091552734,12.27742758989334
32.12,535,23.926999999999992,448512,219,836,0.2,0.005890604,0.058154296875,-0.007233278933563269,0.7346563339233398,0.0003,-0.2895886250771582,2180,4.411121845245361,9.445408922433852
32.89,538,23.730999999999995,450560,220,836,0.2,0.0060894275,0.065771484375,-0.00649800931714708,0.6907850503921509,0.0003,-0.34461247934959827,2190,3.7689995765686035,7.545535070449114
31.35,541,24.602000000000004,452608,221,836,0.2,0.006620885,0.057421875,-0.006517896258446854,0.7421600222587585,0.0003,-0.31059951591305435,2200,4.363010883331299,8.979133988916875
31.4,543,24.464000000000002,454656,222,836,0.2,0.008058097,0.0595703125,-0.011239835790183861,0.7069917917251587,0.0003,-0.2651069306768477,2210,4.001016616821289,8.6668800085783
30.67,546,24.484,456704,223,836,0.2,0.0066190837,0.046923828125,-0.0070460724688018676,0.7213642597198486,0.0003,-0.25802245838567617,2220,4.820408821105957,8.21373733729124
27.89,548,25.958000000000002,458752,224,835,0.2,0.005838014,0.06142578125,-0.007469149233656935,0.7163184881210327,0.0003,-0.2920437150169164,2230,4.007727146148682,6.1466036550700665
28.95,551,25.504,460800,225,835,0.2,0.0056734635,0.05166015625,-0.008716845112940064,0.7924967408180237,0.0003,-0.2151752542005852,2240,2.4877326488494873,5.787946319952607
32.53,553,23.739999999999995,462848,226,835,0.2,0.0054050353,0.052490234375,-0.00869958727125777,0.7933849096298218,0.0003,-0.23744746618904172,2250,3.096139669418335,5.439350131899118
30.93,556,24.594999999999995,464896,227,835,0.2,0.009094225,0.06240234375,-0.0059106170680024665,0.7367115616798401,0.0003,-0.36646671653725205,2260,5.058732509613037,11.94258106201887
30.55,558,24.841999999999995,466944,228,835,0.2,0.0052793454,0.045703125,-0.006637748568755342,0.6310708522796631,0.0003,-0.23508902569301426,2270,3.421213150024414,7.270145778357983
30.74,561,24.791999999999998,468992,229,835,0.2,0.0066796085,0.07919921875,-0.012018220545724035,0.7472022771835327,0.0003,-0.27069585998542606,2280,3.4027044773101807,7.315310265868902
30.78,564,24.843999999999998,471040,230,835,0.2,0.006658864,0.061865234375,-0.009270651615224779,0.7701432704925537,0.0003,-0.23149522359017283,2290,3.681713342666626,5.839955072104931
31.49,566,24.533999999999995,473088,231,835,0.2,0.0048420136,0.054052734375,-0.003845516621368006,0.7753052711486816,0.0003,-0.2955435590818524,2300,3.3058700561523438,7.7588542878627775
29.92,569,25.204000000000004,475136,232,834,0.2,0.0046701217,0.058154296875,-0.00776270982605638,0.7313545942306519,0.0003,-0.28307860461063683,2310,5.559866428375244,11.10574405193329
30.74,571,24.872,477184,233,834,0.2,0.0043731914,0.044580078125,-0.005759435606523766,0.6982843279838562,0.0003,-0.25326709700748323,2320,5.067158222198486,7.47873814702034
33.4,574,23.711999999999993,479232,234,834,0.2,0.006663365,0.069384765625,-0.011083027234417387,0.6233412027359009,0.0003,-0.24853598517365755,2330,2.439204692840576,6.5325213767588135
31.37,576,24.267999999999997,481280,235,834,0.2,0.010602994,0.06826171875,-0.005908914997417014,0.6932277679443359,0.0003,-0.3047732042148709,2340,6.2488508224487305,9.251776845753193
31.19,579,24.434,483328,236,833,0.2,0.005527322,0.043505859375,-0.0023348809103481472,0.7590649127960205,0.0003,-0.25534092392772434,2350,3.305107831954956,7.335242466628552
28.37,582,25.869999999999994,485376,237,833,0.2,0.0056056087,0.045751953125,-0.005752806826058077,0.6937226057052612,0.0003,-0.2772834879346192,2360,4.0031938552856445,10.299331864714622
28.96,584,25.605999999999998,487424,238,833,0.2,0.0055528563,0.040869140625,-0.004954693515901454,0.7374818325042725,0.0003,-0.18608501597773283,2370,2.7160422801971436,5.67951690107584
32.9,587,24.006000000000007,489472,239,833,0.2,0.004590434,0.060791015625,-0.005436593947524671,0.7765524387359619,0.0003,-0.23600439615547658,2380,2.22294282913208,5.602110967040062
30.62,589,24.96,491520,240,833,0.2,0.0058245976,0.055078125,-0.005622705836140085,0.7474865913391113,0.0003,-0.30425924495793877,2390,3.9543814659118652,9.291117572784424
29.22,592,25.523999999999997,493568,241,833,0.2,0.004295064,0.04833984375,-0.005018467776972102,0.7732332348823547,0.0003,-0.22262719431892036,2400,3.7658166885375977,7.283466617763042
29.42,595,25.451999999999995,495616,242,832,0.2,0.0083984565,0.0505859375,-0.007284093927592039,0.7528127431869507,0.0003,-0.23270677626132966,2410,2.9197263717651367,7.340441007912159
33.35,598,23.611000000000004,497664,243,831,0.2,0.004201577,0.04580078125,-0.006936292138561839,0.7585968971252441,0.0003,-0.22416822272352874,2420,3.22940731048584,7.342564556747675
34.0,601,22.982,499712,244,830,0.2,0.0051863147,0.061865234375,-0.005441236009937711,0.752260684967041,0.0003,-0.3135829421225935,2430,4.184847354888916,11.533465787768364
30.17,604,25.123999999999995,501760,245,830,0.2,0.005711548,0.061328125,-0.007493685647204984,0.6166347861289978,0.0003,-0.2859825445804745,2440,2.7102885246276855,8.526813761144876
