timesteps,stage_timesteps,reward_mean,episode_len_mean,stage,reward_smooth,episode_len_smooth
2048.0,2048.0,-55.82727272727273,178.54545454545453,Treino 5x5,-55.82727272727273,178.54545454545453
4096.0,4096.0,-52.54347826086956,174.0,Treino 5x5,-54.185375494071145,176.27272727272725
6144.0,6144.0,-51.40833333333333,169.91666666666666,Treino 5x5,-53.25969477382521,174.15404040404042
8192.0,8192.0,-49.03061224489795,165.46938775510205,Treino 5x5,-52.2024241415934,171.9828772418058
10240.0,10240.0,-50.36721311475409,167.44262295081967,Treino 5x5,-51.83538193622553,171.07482638360858
12288.0,12288.0,-49.34594594594594,165.45945945945945,Treino 5x5,-51.4204759378456,170.1389318962504
14336.0,14336.0,-49.14767441860465,164.52325581395348,Treino 5x5,-51.09579000652547,169.33669245592228
16384.0,16384.0,-48.588999999999984,163.4,Treino 5x5,-50.78244125570978,168.59460589893197
18432.0,18432.0,-49.51599999999999,163.97,Treino 5x5,-50.64172556063092,168.08076079905064
20480.0,20480.0,-49.54200000000001,163.28,Treino 5x5,-49.94336192426728,166.38459918288902
22528.0,22528.0,-49.4,163.5,Treino 5x5,-49.594086561948444,165.21793251622236
24576.0,24576.0,-48.929,162.64,Treino 5x5,-49.31860508046695,164.40941399770384
26624.0,26624.0,-43.123000000000005,152.74,Treino 5x5,-48.66220371992274,162.9950375804703
28672.0,28672.0,-39.228,147.27,Treino 5x5,-47.42451337383895,160.75363503037923
30720.0,30720.0,-38.366,145.24,Treino 5x5,-46.20451937984496,158.5070284237726
32768.0,32768.0,-32.576,136.66,Treino 5x5,-44.36322222222222,155.4111111111111
34816.0,34816.0,-34.001,137.53,Treino 5x5,-42.742333333333335,152.5366666666667
36864.0,36864.0,-31.482000000000003,132.97,Treino 5x5,-40.73855555555556,149.0922222222222
38912.0,38912.0,-30.898000000000003,132.16,Treino 5x5,-38.667,145.63444444444445
40960.0,40960.0,-30.562,131.02,Treino 5x5,-36.57388888888889,142.02555555555557
43008.0,43008.0,-29.825,130.05,Treino 5x5,-34.45122222222223,138.40444444444444
45056.0,45056.0,-27.042,125.33,Treino 5x5,-32.66444444444444,135.35888888888888
47104.0,47104.0,-25.2,123.31,Treino 5x5,-31.105777777777778,132.69666666666666
49152.0,49152.0,-25.987,124.0,Treino 5x5,-29.730333333333338,130.33666666666667
51200.0,51200.0,-26.77,124.1,Treino 5x5,-29.08522222222222,128.9411111111111
53248.0,53248.0,-24.651,120.61,Treino 5x5,-28.046333333333337,127.0611111111111
55296.0,55296.0,-23.963,118.4,Treino 5x5,-27.21088888888889,125.44222222222223
57344.0,57344.0,-24.608,118.63,Treino 5x5,-26.512,123.9388888888889
59392.0,59392.0,-20.27,110.89,Treino 5x5,-25.368444444444442,121.70222222222225
61440.0,61440.0,-21.714,113.92,Treino 5x5,-24.46722222222222,119.91000000000001
63488.0,63488.0,-21.331,113.85,Treino 5x5,-23.832666666666668,118.63444444444445
65536.0,65536.0,-23.362,117.08,Treino 5x5,-23.628444444444444,117.94222222222223
67584.0,67584.0,-17.71,107.77,Treino 5x5,-22.70877777777778,116.13888888888889
69632.0,69632.0,-20.694,112.65,Treino 5x5,-22.033666666666665,114.86666666666666
71680.0,71680.0,-21.11500000000001,113.38,Treino 5x5,-21.640777777777778,114.06333333333333
73728.0,73728.0,-18.463,109.8,Treino 5x5,-21.029666666666667,113.10777777777778
75776.0,75776.0,-18.130000000000003,109.23,Treino 5x5,-20.30988888888889,112.06333333333333
77824.0,77824.0,-20.825,113.45,Treino 5x5,-20.37155555555556,112.34777777777778
79872.0,79872.0,-25.093,119.86,Treino 5x5,-20.747,113.00777777777779
81920.0,81920.0,-26.075,121.88,Treino 5x5,-21.27411111111111,113.89999999999999
83968.0,83968.0,-25.801,121.9,Treino 5x5,-21.54511111111111,114.43555555555557
86016.0,86016.0,-23.613,118.57,Treino 5x5,-22.201,115.63555555555556
88064.0,88064.0,-21.125,115.3,Treino 5x5,-22.24888888888889,115.93
90112.0,90112.0,-23.572,119.64,Treino 5x5,-22.52188888888889,116.62555555555556
92160.0,92160.0,-19.54,113.7,Treino 5x5,-22.641555555555556,117.05888888888889
94208.0,94208.0,-15.583000000000002,106.25,Treino 5x5,-22.358555555555554,116.72777777777777
96256.0,96256.0,-14.342,103.56,Treino 5x5,-21.638222222222222,115.6288888888889
98304.0,98304.0,-14.880000000000004,104.18,Treino 5x5,-20.503444444444444,113.88666666666667
100352.0,100352.0,-8.635,93.68,Treino 5x5,-18.565666666666665,110.75333333333333
102400.0,102400.0,-8.638,94.18,Treino 5x5,-16.658666666666665,107.67333333333335
104448.0,104448.0,-8.914,94.14,Treino 5x5,-15.025444444444446,104.9588888888889
106496.0,106496.0,-9.838,95.47,Treino 5x5,-13.771333333333335,102.75555555555556
108544.0,108544.0,-11.907,98.86,Treino 5x5,-12.475222222222222,100.44666666666667
110592.0,110592.0,-10.079,95.28,Treino 5x5,-11.424,98.4
112640.0,112640.0,-9.955000000000002,95.67,Treino 5x5,-10.79866666666667,97.22444444444444
114688.0,114688.0,-8.752,93.63,Treino 5x5,-10.177555555555555,96.12111111111112
116736.0,116736.0,-7.952999999999999,91.89,Treino 5x5,-9.40788888888889,94.75555555555555
118784.0,118784.0,-8.411999999999999,92.29,Treino 5x5,-9.383111111111111,94.60111111111112
120832.0,120832.0,-7.467000000000001,90.64,Treino 5x5,-9.253000000000002,94.20777777777778
122880.0,122880.0,-8.14,92.24,Treino 5x5,-9.167000000000002,93.99666666666667
124928.0,124928.0,-9.407,94.47,Treino 5x5,-9.119111111111112,93.88555555555556
126976.0,126976.0,-5.366999999999998,87.58,Treino 5x5,-8.392444444444443,92.63222222222221
129024.0,129024.0,-8.279,92.04,Treino 5x5,-8.192444444444444,92.27222222222223
131072.0,131072.0,-4.952000000000001,85.46,Treino 5x5,-7.636555555555556,91.13777777777779
133120.0,133120.0,-6.269000000000001,87.77,Treino 5x5,-7.360666666666666,90.48666666666666
135168.0,135168.0,-4.560000000000001,86.24,Treino 5x5,-6.983666666666667,89.85888888888888
137216.0,137216.0,-4.862,88.31,Treino 5x5,-6.589222222222222,89.41666666666667
139264.0,139264.0,-4.31,87.8,Treino 5x5,-6.238444444444444,89.10111111111111
141312.0,141312.0,-4.468999999999999,88.43,Treino 5x5,-5.830555555555556,88.67777777777776
143360.0,143360.0,-3.1630000000000003,86.22,Treino 5x5,-5.136777777777777,87.7611111111111
145408.0,145408.0,-3.3280000000000007,86.24,Treino 5x5,-4.910222222222222,87.61222222222221
147456.0,147456.0,-2.62,84.71,Treino 5x5,-4.281444444444444,86.79777777777778
149504.0,149504.0,-4.148000000000001,87.59,Treino 5x5,-4.192111111111112,87.03444444444443
151552.0,151552.0,-4.784,88.88,Treino 5x5,-4.027111111111111,87.15777777777778
153600.0,153600.0,-3.166999999999999,85.29,Treino 5x5,-3.872333333333333,87.05222222222223
155648.0,155648.0,-4.223,87.45,Treino 5x5,-3.801333333333333,86.95666666666665
157696.0,157696.0,-2.485999999999999,83.96,Treino 5x5,-3.5986666666666665,86.53
159744.0,159744.0,-2.083,82.87,Treino 5x5,-3.3335555555555554,85.91222222222221
161792.0,161792.0,-3.315,84.9,Treino 5x5,-3.350444444444444,85.76555555555555
163840.0,163840.0,-4.134,85.03,Treino 5x5,-3.44,85.63111111111112
165888.0,165888.0,-4.845999999999999,86.15,Treino 5x5,-3.687333333333333,85.7911111111111
167936.0,167936.0,-7.946999999999999,89.32,Treino 5x5,-4.109444444444445,85.98333333333332
169984.0,169984.0,-4.819,84.27,Treino 5x5,-4.113333333333333,85.47111111111111
172032.0,172032.0,-2.733,82.49,Treino 5x5,-4.065111111111111,85.16
174080.0,174080.0,-4.114,85.43,Treino 5x5,-4.053,84.93555555555557
176128.0,176128.0,-0.063,82.31,Treino 5x5,-3.783777777777778,84.75222222222222
178176.0,178176.0,0.3649999999999999,81.47,Treino 5x5,-3.5117777777777777,84.59666666666666
180224.0,180224.0,0.971,79.99,Treino 5x5,-3.035555555555556,84.05111111111111
182272.0,182272.0,3.806,74.56,Treino 5x5,-2.1533333333333333,82.88777777777779
184320.0,184320.0,4.397,72.76,Treino 5x5,-1.1263333333333334,81.4
186368.0,186368.0,4.808,71.22,Treino 5x5,0.2908888888888889,79.38888888888889
188416.0,188416.0,4.748999999999999,71.46,Treino 5x5,1.354,77.96555555555557
190464.0,190464.0,4.736000000000001,69.68,Treino 5x5,2.183888888888889,76.54222222222224
192512.0,192512.0,5.115999999999999,68.38,Treino 5x5,3.2094444444444443,74.64777777777778
194560.0,194560.0,6.343999999999999,65.78,Treino 5x5,3.9213333333333336,72.81111111111112
196608.0,196608.0,7.325999999999999,64.22,Treino 5x5,4.694777777777777,70.89444444444445
198656.0,198656.0,9.362,61.07,Treino 5x5,5.627111111111111,68.79222222222222
200704.0,200704.0,7.936,63.95,Treino 5x5,6.085999999999999,67.61333333333333
202752.0,202752.0,9.484000000000002,62.45,Treino 5x5,6.651222222222222,66.46777777777777
204800.0,204800.0,9.274,63.21,Treino 5x5,7.147444444444444,65.57777777777778
206848.0,206848.0,9.757,62.6,Treino 5x5,7.70388888888889,64.59333333333333
208896.0,208896.0,11.644999999999998,58.12,Treino 5x5,8.471555555555556,63.30888888888889
210944.0,210944.0,13.499999999999998,54.82,Treino 5x5,9.403111111111109,61.80222222222223
212992.0,212992.0,12.099999999999998,57.03,Treino 5x5,10.042666666666667,60.830000000000005
215040.0,215040.0,9.626,61.17,Treino 5x5,10.29822222222222,60.49111111111111
217088.0,217088.0,8.321,63.01,Treino 5x5,10.182555555555556,60.70666666666667
219136.0,219136.0,10.454999999999998,58.63,Treino 5x5,10.462444444444442,60.11555555555557
221184.0,221184.0,10.989,59.21,Treino 5x5,10.629666666666665,59.75555555555555
223232.0,223232.0,12.849999999999998,56.52,Treino 5x5,11.027,59.01222222222222
225280.0,225280.0,10.808,59.94,Treino 5x5,11.143777777777776,58.71666666666666
227328.0,227328.0,9.660000000000002,61.37,Treino 5x5,10.92322222222222,59.07777777777777
229376.0,229376.0,10.559,59.48,Treino 5x5,10.596444444444444,59.595555555555556
231424.0,231424.0,13.889,53.78,Treino 5x5,10.795222222222222,59.23444444444445
233472.0,233472.0,14.698000000000002,52.34,Treino 5x5,11.358777777777778,58.25333333333333
235520.0,235520.0,16.585,48.19,Treino 5x5,12.277,56.60666666666666
237568.0,237568.0,15.248,50.76,Treino 5x5,12.809555555555557,55.73222222222223
239616.0,239616.0,14.912,51.73,Treino 5x5,13.245444444444445,54.901111111111106
241664.0,241664.0,15.232,50.73,Treino 5x5,13.510111111111112,54.257777777777775
243712.0,243712.0,15.867,48.77,Treino 5x5,14.072222222222223,53.016666666666666
245760.0,245760.0,17.44,45.2,Treino 5x5,14.936666666666667,51.22
247808.0,247808.0,17.689,44.39,Treino 5x5,15.72888888888889,49.54333333333334
249856.0,249856.0,19.383000000000003,41.95,Treino 5x5,16.339333333333332,48.22888888888889
251904.0,251904.0,19.565,42.0,Treino 5x5,16.88011111111111,47.080000000000005
253952.0,253952.0,18.365,44.73,Treino 5x5,17.077888888888893,46.69555555555556
256000.0,256000.0,19.12,43.58,Treino 5x5,17.508111111111113,45.89777777777778
258048.0,258048.0,18.131,44.79,Treino 5x5,17.86577777777778,45.126666666666665
260096.0,260096.0,18.389,44.25,Treino 5x5,18.216555555555555,44.406666666666666
262144.0,262144.0,19.754,41.75,Treino 5x5,18.648444444444447,43.626666666666665
264192.0,264192.0,19.58,42.02,Treino 5x5,18.886222222222223,43.27333333333334
266240.0,266240.0,18.607,44.36,Treino 5x5,18.988222222222223,43.269999999999996
268288.0,268288.0,20.521000000000004,40.24,Treino 5x5,19.11466666666667,43.08
270336.0,270336.0,21.732,37.66,Treino 5x5,19.355444444444444,42.59777777777778
272384.0,272384.0,20.126,41.0,Treino 5x5,19.551111111111112,42.18333333333333
274432.0,274432.0,20.925000000000004,39.14,Treino 5x5,19.751666666666665,41.69
276480.0,276480.0,22.055000000000003,36.48,Treino 5x5,20.187666666666665,40.76666666666667
278528.0,278528.0,22.536,36.23,Treino 5x5,20.648444444444447,39.87555555555556
280576.0,280576.0,22.415999999999997,36.32,Treino 5x5,20.944222222222223,39.272222222222226
282624.0,282624.0,20.779,39.12,Treino 5x5,21.077444444444446,38.949999999999996
284672.0,284672.0,21.163,38.18,Treino 5x5,21.361444444444444,38.26333333333333
286720.0,286720.0,20.932,39.75,Treino 5x5,21.40711111111111,38.208888888888886
288768.0,288768.0,18.457,44.92,Treino 5x5,21.043222222222223,39.01555555555555
290816.0,290816.0,18.656,43.88,Treino 5x5,20.879888888888885,39.33555555555555
292864.0,292864.0,20.483,39.6,Treino 5x5,20.830777777777776,39.38666666666667
294912.0,294912.0,20.682,39.29,Treino 5x5,20.678222222222225,39.69888888888889
296960.0,296960.0,22.862,35.04,Treino 5x5,20.714444444444446,39.56666666666667
299008.0,299008.0,23.394,33.95,Treino 5x5,20.823111111111114,39.30333333333333
301056.0,301056.0,21.872999999999998,36.61,Treino 5x5,20.944666666666667,39.02444444444445
303104.0,303104.0,20.536,39.25,Treino 5x5,20.875,39.14333333333334
305152.0,305152.0,21.665000000000006,37.67,Treino 5x5,20.956444444444443,38.912222222222226
307200.0,307200.0,20.14,40.77,Treino 5x5,21.143444444444444,38.45111111111111
309248.0,309248.0,18.251,43.9,Treino 5x5,21.098444444444443,38.45333333333334
311296.0,311296.0,19.354,41.69,Treino 5x5,20.973,38.68555555555555
313344.0,313344.0,19.355,41.97,Treino 5x5,20.825555555555557,38.983333333333334
315392.0,315392.0,19.444,41.63,Treino 5x5,20.445777777777778,39.715555555555554
317440.0,317440.0,21.604,37.43,Treino 5x5,20.246888888888886,40.102222222222224
319488.0,319488.0,22.207,36.46,Treino 5x5,20.284000000000002,40.08555555555555
321536.0,321536.0,21.682,37.79,Treino 5x5,20.41133333333333,39.92333333333333
323584.0,323584.0,22.431,34.87,Treino 5x5,20.496444444444446,39.61222222222222
325632.0,325632.0,19.831,39.44,Treino 5x5,20.46211111111111,39.464444444444446
327680.0,327680.0,21.662000000000003,36.6,Treino 5x5,20.84111111111111,38.653333333333336
329728.0,329728.0,23.87,32.98,Treino 5x5,21.34288888888889,37.68555555555556
331776.0,331776.0,23.622,33.71,Treino 5x5,21.816999999999997,36.76777777777777
333824.0,333824.0,21.951,36.89,Treino 5x5,22.095555555555556,36.24111111111111
335872.0,335872.0,22.827,34.68,Treino 5x5,22.23144444444445,35.93555555555556
337920.0,337920.0,21.549,37.82,Treino 5x5,22.158333333333335,36.08666666666667
339968.0,339968.0,21.561,37.54,Treino 5x5,22.14488888888889,36.05888888888889
342016.0,342016.0,22.588999999999995,34.85,Treino 5x5,22.162444444444443,36.056666666666665
344064.0,344064.0,24.175999999999995,32.33,Treino 5x5,22.64522222222222,35.266666666666666
346112.0,346112.0,22.153,35.87,Treino 5x5,22.69977777777778,35.18555555555555
348160.0,348160.0,24.398,31.62,Treino 5x5,22.758444444444443,35.034444444444446
350208.0,350208.0,23.55,33.22,Treino 5x5,22.750444444444444,34.980000000000004
352256.0,352256.0,21.556000000000004,37.32,Treino 5x5,22.706555555555553,35.02777777777778
354304.0,354304.0,22.096000000000004,36.64,Treino 5x5,22.62533333333333,35.245555555555555
356352.0,356352.0,21.811,37.4,Treino 5x5,22.654444444444447,35.19888888888889
358400.0,358400.0,22.2,35.99,Treino 5x5,22.725444444444445,35.02666666666667
360448.0,360448.0,21.548,36.82,Treino 5x5,22.60977777777778,35.245555555555555
362496.0,362496.0,22.645000000000003,35.52,Treino 5x5,22.439666666666668,35.6
364544.0,364544.0,22.539,35.5,Treino 5x5,22.482555555555553,35.558888888888895
366592.0,366592.0,24.774,30.83,Treino 5x5,22.52433333333333,35.471111111111114
368640.0,368640.0,22.677000000000003,33.73,Treino 5x5,22.427333333333337,35.52777777777778
370688.0,370688.0,21.166000000000004,38.05,Treino 5x5,22.384,35.608888888888885
372736.0,372736.0,21.966999999999995,37.2,Treino 5x5,22.369666666666667,35.67111111111111
374784.0,374784.0,22.028,37.46,Treino 5x5,22.39377777777778,35.67777777777778
376832.0,376832.0,22.564,36.11,Treino 5x5,22.434222222222225,35.69111111111111
378880.0,378880.0,23.529000000000007,33.43,Treino 5x5,22.654333333333334,35.31444444444445
380928.0,380928.0,20.646,38.44,Treino 5x5,22.432222222222222,35.638888888888886
382976.0,382976.0,20.166,39.67,Treino 5x5,22.168555555555557,36.10222222222222
385024.0,385024.0,23.084000000000007,34.43,Treino 5x5,21.98077777777778,36.50222222222222
387072.0,387072.0,24.132,32.3,Treino 5x5,22.142444444444447,36.343333333333334
389120.0,389120.0,24.058000000000003,32.44,Treino 5x5,22.46377777777778,35.72
391168.0,391168.0,21.75,36.85,Treino 5x5,22.439666666666668,35.68111111111111
393216.0,393216.0,21.904,36.34,Treino 5x5,22.42588888888889,35.556666666666665
395264.0,395264.0,23.263,33.59,Treino 5x5,22.503555555555558,35.27666666666667
397312.0,397312.0,23.982000000000003,32.08,Treino 5x5,22.553888888888892,35.12666666666667
399360.0,399360.0,23.614,32.8,Treino 5x5,22.883666666666667,34.5
401408.0,401408.0,24.096,32.26,Treino 5x5,23.320333333333334,33.67666666666667
403456.0,403456.0,23.397,33.54,Treino 5x5,23.35511111111111,33.577777777777776
405504.0,405504.0,22.562,34.85,Treino 5x5,23.180666666666667,33.861111111111114
407552.0,407552.0,22.531,35.09,Treino 5x5,23.011000000000003,34.15555555555555
409600.0,409600.0,23.344999999999995,33.68,Treino 5x5,23.188222222222223,33.80333333333333
411648.0,411648.0,25.452,29.26,Treino 5x5,23.582444444444448,33.016666666666666
413696.0,413696.0,23.577,33.5,Treino 5x5,23.617333333333335,33.00666666666666
415744.0,415744.0,24.526,31.39,Treino 5x5,23.67777777777778,32.93
417792.0,417792.0,21.4,37.53,Treino 5x5,23.43177777777778,33.455555555555556
419840.0,419840.0,21.338,37.65,Treino 5x5,23.12533333333333,34.05444444444444
421888.0,421888.0,22.335999999999995,35.88,Treino 5x5,23.007444444444445,34.31444444444445
423936.0,423936.0,25.296,29.76,Treino 5x5,23.31122222222222,33.74888888888889
425984.0,425984.0,24.884,30.65,Treino 5x5,23.572666666666667,33.25555555555556
428032.0,428032.0,24.498,31.71,Treino 5x5,23.700777777777777,33.03666666666667
430080.0,430080.0,24.786000000000005,30.54,Treino 5x5,23.626777777777775,33.17888888888889
432128.0,432128.0,23.646,33.02,Treino 5x5,23.634444444444444,33.125555555555565
434176.0,434176.0,24.816,30.68,Treino 5x5,23.666666666666668,33.04666666666667
436224.0,436224.0,25.035999999999994,30.34,Treino 5x5,24.070666666666668,32.24777777777778
438272.0,438272.0,24.414,31.54,Treino 5x5,24.412444444444446,31.56888888888889
440320.0,440320.0,22.892,34.78,Treino 5x5,24.474222222222224,31.446666666666673
442368.0,442368.0,24.072,32.26,Treino 5x5,24.338222222222225,31.724444444444444
444416.0,444416.0,23.738000000000003,32.74,Treino 5x5,24.21088888888889,31.956666666666667
446464.0,446464.0,24.209999999999997,32.02,Treino 5x5,24.178888888888892,31.991111111111113
448512.0,448512.0,23.926999999999992,32.12,Treino 5x5,24.083444444444442,32.166666666666664
450560.0,450560.0,23.730999999999995,32.89,Treino 5x5,24.092888888888883,32.15222222222222
452608.0,452608.0,24.602000000000004,31.35,Treino 5x5,24.069111111111113,32.22666666666667
454656.0,454656.0,24.464,31.4,Treino 5x5,24.005555555555556,32.34444444444444
456704.0,456704.0,24.484,30.67,Treino 5x5,24.013333333333332,32.24777777777778
458752.0,458752.0,25.958,27.89,Treino 5x5,24.354,31.48222222222222
460800.0,460800.0,25.504,28.95,Treino 5x5,24.51311111111111,31.11444444444444
462848.0,462848.0,23.739999999999995,32.53,Treino 5x5,24.513333333333332,31.09111111111111
464896.0,464896.0,24.594999999999995,30.93,Treino 5x5,24.556111111111107,30.970000000000002
466944.0,466944.0,24.841999999999995,30.55,Treino 5x5,24.657777777777774,30.79555555555556
468992.0,468992.0,24.792,30.74,Treino 5x5,24.775666666666663,30.556666666666665
471040.0,471040.0,24.844,30.78,Treino 5x5,24.802555555555553,30.493333333333332
473088.0,473088.0,24.533999999999995,31.49,Treino 5x5,24.810333333333332,30.503333333333337
475136.0,475136.0,25.204000000000004,29.92,Treino 5x5,24.890333333333334,30.42
477184.0,477184.0,24.872,30.74,Treino 5x5,24.769666666666666,30.736666666666665
479232.0,479232.0,23.711999999999996,33.4,Treino 5x5,24.57055555555555,31.231111111111108
481280.0,481280.0,24.268,31.37,Treino 5x5,24.62922222222222,31.102222222222224
483328.0,483328.0,24.434,31.19,Treino 5x5,24.611333333333334,31.13111111111111
485376.0,485376.0,25.869999999999997,28.37,Treino 5x5,24.725555555555555,30.88888888888889
487424.0,487424.0,25.606,28.96,Treino 5x5,24.816,30.691111111111113
489472.0,489472.0,24.006000000000007,32.9,Treino 5x5,24.72288888888889,30.92666666666667
491520.0,491520.0,24.96,30.62,Treino 5x5,24.770222222222223,30.83
493568.0,493568.0,25.524,29.22,Treino 5x5,24.805777777777777,30.75222222222222
495616.0,495616.0,25.451999999999995,29.42,Treino 5x5,24.87022222222222,30.605555555555554
497664.0,497664.0,23.611000000000004,33.35,Treino 5x5,24.859,30.600000000000005
499712.0,499712.0,22.982,34.0,Treino 5x5,24.716111111111115,30.892222222222227
501760.0,501760.0,25.123999999999995,30.17,Treino 5x5,24.79277777777778,30.778888888888886
502048.0,2048.0,26.825000000000003,127.4375,Curriculum 8x8,26.825000000000003,127.4375
504096.0,4096.0,39.82682926829268,99.82926829268293,Curriculum 8x8,33.32591463414634,113.63338414634146
506144.0,6144.0,34.91636363636364,111.21818181818182,Curriculum 8x8,33.8560643015521,112.82831670362158
508192.0,8192.0,28.307692307692307,124.8923076923077,Curriculum 8x8,32.46897130308716,115.8443144507931
510240.0,10240.0,25.273076923076925,130.94871794871796,Curriculum 8x8,31.029792427085113,118.86519515037807
512288.0,12288.0,26.43052631578948,128.74736842105264,Curriculum 8x8,30.263248075202508,120.51222402882384
514336.0,14336.0,28.217,123.59,Curriculum 8x8,29.970926921602146,120.95190631042043
516384.0,16384.0,23.692000000000004,133.61,Curriculum 8x8,29.18606105640188,122.53416802161789
518432.0,18432.0,22.584,136.04,Curriculum 8x8,28.452498716801667,124.0348160192159
520480.0,20480.0,28.773,123.28,Curriculum 8x8,28.668943161246116,123.57287157477145
522528.0,22528.0,32.045,115.25,Curriculum 8x8,27.804295464769147,125.28628620891777
524576.0,24576.0,33.931,112.48,Curriculum 8x8,27.6948106162843,125.42648822911981
526624.0,26624.0,35.628,108.26,Curriculum 8x8,28.50817813765182,123.57845404108564
528672.0,28672.0,37.723,103.77,Curriculum 8x8,29.891502923976606,120.55859649122807
530720.0,30720.0,37.244,104.91,Curriculum 8x8,31.093,117.91000000000001
532768.0,32768.0,34.949,109.73,Curriculum 8x8,31.841,116.37000000000002
534816.0,34816.0,35.638000000000005,109.47,Curriculum 8x8,33.16833333333333,113.68777777777777
536864.0,36864.0,34.12499999999999,111.84,Curriculum 8x8,34.45066666666666,110.99888888888889
538912.0,38912.0,32.665,114.82,Curriculum 8x8,34.88311111111111,110.05888888888889
540960.0,40960.0,30.041,120.35,Curriculum 8x8,34.660444444444444,110.62555555555555
543008.0,43008.0,27.935999999999996,124.84,Curriculum 8x8,33.99433333333334,111.99888888888889
545056.0,45056.0,30.537,119.73,Curriculum 8x8,33.42866666666666,113.27333333333334
547104.0,47104.0,29.705000000000005,121.31,Curriculum 8x8,32.537777777777784,115.22222222222223
549152.0,49152.0,33.884,113.57,Curriculum 8x8,32.16444444444445,116.18444444444445
551200.0,51200.0,35.985,109.27,Curriculum 8x8,32.279555555555554,116.13333333333334
553248.0,53248.0,39.285,102.28,Curriculum 8x8,32.68477777777778,115.33444444444444
555296.0,55296.0,37.73400000000001,105.42,Curriculum 8x8,33.08577777777778,114.6211111111111
557344.0,57344.0,40.010000000000005,100.7,Curriculum 8x8,33.90188888888889,113.05222222222223
559392.0,59392.0,40.136,100.13,Curriculum 8x8,35.023555555555554,110.80555555555556
561440.0,61440.0,40.67999999999999,98.67,Curriculum 8x8,36.43955555555556,107.89777777777778
563488.0,63488.0,39.068000000000005,102.38,Curriculum 8x8,37.38744444444444,105.96999999999998
565536.0,65536.0,39.192,101.22,Curriculum 8x8,38.44155555555555,103.73777777777778
567584.0,67584.0,34.117000000000004,111.26,Curriculum 8x8,38.467444444444446,103.4811111111111
569632.0,69632.0,35.099,108.92,Curriculum 8x8,38.369,103.44222222222223
571680.0,71680.0,34.668,110.09,Curriculum 8x8,37.856,104.31
573728.0,73728.0,33.99100000000001,111.03,Curriculum 8x8,37.440111111111115,104.93333333333334
575776.0,75776.0,32.122,115.07,Curriculum 8x8,36.56366666666666,106.53
577824.0,77824.0,37.373,105.47,Curriculum 8x8,36.25666666666667,107.12333333333333
579872.0,79872.0,36.945,105.3,Curriculum 8x8,35.84166666666667,107.86
581920.0,81920.0,36.99699999999999,103.86,Curriculum 8x8,35.611555555555555,108.02444444444444
583968.0,83968.0,36.711000000000006,104.83,Curriculum 8x8,35.33588888888889,108.42555555555556
586016.0,86016.0,36.38,105.05,Curriculum 8x8,35.58733333333333,107.73555555555555
588064.0,88064.0,34.908,108.46,Curriculum 8x8,35.56611111111111,107.68444444444444
590112.0,90112.0,31.016000000000005,116.95,Curriculum 8x8,35.160333333333334,108.44666666666666
592160.0,92160.0,31.886,116.57,Curriculum 8x8,34.92644444444445,109.06222222222222
594208.0,94208.0,32.175,116.48,Curriculum 8x8,34.93233333333333,109.2188888888889
596256.0,96256.0,34.193,112.38,Curriculum 8x8,34.579,109.98666666666666
598304.0,98304.0,34.273,112.42,Curriculum 8x8,34.282111111111114,110.77777777777777
600352.0,100352.0,36.322,107.22,Curriculum 8x8,34.20711111111112,111.1511111111111
602400.0,102400.0,40.107,99.54,Curriculum 8x8,34.58444444444444,110.56333333333333
604448.0,104448.0,41.084,97.74,Curriculum 8x8,35.10711111111111,109.75111111111111
606496.0,106496.0,42.362,94.58,Curriculum 8x8,35.93533333333333,108.2088888888889
608544.0,108544.0,41.399,96.18,Curriculum 8x8,37.089000000000006,105.9011111111111
610592.0,110592.0,40.049,99.96,Curriculum 8x8,37.996,104.05555555555556
612640.0,112640.0,39.886,100.09,Curriculum 8x8,38.85277777777778,102.23444444444445
614688.0,114688.0,38.19200000000001,103.0,Curriculum 8x8,39.297111111111114,101.19222222222223
616736.0,116736.0,36.458000000000006,106.86,Curriculum 8x8,39.53988888888889,100.57444444444445
618784.0,118784.0,37.415000000000006,105.57,Curriculum 8x8,39.66133333333333,100.39111111111112
620832.0,120832.0,39.974,100.3,Curriculum 8x8,39.64655555555556,100.47555555555556
622880.0,122880.0,39.815,100.98,Curriculum 8x8,39.50555555555556,100.83555555555556
624928.0,124928.0,40.098,101.21,Curriculum 8x8,39.254,101.57222222222222
626976.0,126976.0,39.13399999999999,103.24,Curriculum 8x8,39.00233333333333,102.35666666666667
629024.0,129024.0,37.283,107.33,Curriculum 8x8,38.695,103.17555555555555
631072.0,131072.0,35.025,111.89,Curriculum 8x8,38.15488888888889,104.48666666666665
633120.0,133120.0,32.262,118.31,Curriculum 8x8,37.496,106.18777777777777
635168.0,135168.0,32.95899999999999,117.0,Curriculum 8x8,37.10722222222223,107.31444444444443
637216.0,137216.0,35.176,112.47,Curriculum 8x8,36.858444444444444,108.08111111111111
639264.0,139264.0,36.489,109.29,Curriculum 8x8,36.471222222222224,109.08
641312.0,141312.0,37.184,106.14,Curriculum 8x8,36.17888888888889,109.65333333333334
643360.0,143360.0,39.343,101.04,Curriculum 8x8,36.095,109.63444444444445
645408.0,145408.0,38.51,100.51,Curriculum 8x8,36.025666666666666,109.33111111111111
647456.0,147456.0,37.067,103.63,Curriculum 8x8,36.001666666666665,108.92000000000002
649504.0,149504.0,34.906,108.44,Curriculum 8x8,35.98844444444444,108.53666666666668
651552.0,151552.0,37.336000000000006,105.04,Curriculum 8x8,36.55222222222222,107.06222222222223
653600.0,153600.0,36.519,105.95,Curriculum 8x8,36.94777777777777,105.83444444444444
655648.0,155648.0,34.308,112.33,Curriculum 8x8,36.85133333333333,105.81888888888889
657696.0,157696.0,31.881000000000004,116.87,Curriculum 8x8,36.339333333333336,106.66111111111111
659744.0,159744.0,35.304,109.76,Curriculum 8x8,36.13044444444444,107.06333333333333
661792.0,161792.0,33.565000000000005,113.64,Curriculum 8x8,35.48844444444445,108.46333333333332
663840.0,163840.0,36.854,107.0,Curriculum 8x8,35.30444444444444,109.18444444444444
665888.0,165888.0,35.865,109.19,Curriculum 8x8,35.17088888888889,109.80222222222223
667936.0,167936.0,36.837,108.61,Curriculum 8x8,35.38544444444445,109.82111111111112
669984.0,169984.0,34.428000000000004,114.06,Curriculum 8x8,35.062333333333335,110.82333333333332
672032.0,172032.0,34.409,114.44,Curriculum 8x8,34.82788888888889,111.76666666666668
674080.0,174080.0,35.376999999999995,111.82,Curriculum 8x8,34.94666666666667,111.71
676128.0,176128.0,39.67,102.22,Curriculum 8x8,35.81211111111111,110.08222222222223
678176.0,178176.0,38.422,104.74,Curriculum 8x8,36.15855555555556,109.52444444444444
680224.0,180224.0,40.17399999999999,100.21,Curriculum 8x8,36.89288888888889,108.03222222222222
682272.0,182272.0,39.607000000000006,101.34,Curriculum 8x8,37.19877777777778,107.40333333333334
684320.0,184320.0,38.177,104.43,Curriculum 8x8,37.455666666666666,106.87444444444444
686368.0,186368.0,37.451,106.44,Curriculum 8x8,37.523888888888884,106.63333333333334
688416.0,188416.0,35.131,111.81,Curriculum 8x8,37.602000000000004,106.38333333333334
690464.0,190464.0,36.826,108.45,Curriculum 8x8,37.870555555555555,105.71777777777777
692512.0,192512.0,38.229,104.77,Curriculum 8x8,38.187444444444445,104.93444444444444
694560.0,194560.0,35.986999999999995,109.16,Curriculum 8x8,37.778222222222226,105.70555555555555
696608.0,196608.0,37.60900000000001,105.4,Curriculum 8x8,37.68788888888889,105.77888888888889
698656.0,198656.0,40.777,98.47,Curriculum 8x8,37.75488888888889,105.58555555555556
700704.0,200704.0,42.278,95.16,Curriculum 8x8,38.05166666666666,104.89888888888889
702752.0,202752.0,40.294,98.55,Curriculum 8x8,38.286888888888896,104.24555555555555
704800.0,204800.0,39.414,101.16,Curriculum 8x8,38.505,103.65888888888888
706848.0,206848.0,36.044,108.46,Curriculum 8x8,38.60644444444444,103.28666666666666
708896.0,208896.0,34.556,110.61,Curriculum 8x8,38.35422222222222,103.52666666666667
710944.0,210944.0,33.276,113.19,Curriculum 8x8,37.803888888888885,104.46222222222222
712992.0,212992.0,32.979,113.81,Curriculum 8x8,37.46966666666666,104.97888888888889
715040.0,215040.0,37.585,104.51,Curriculum 8x8,37.467,104.88
717088.0,217088.0,39.628,99.97,Curriculum 8x8,37.33933333333333,105.04666666666668
719136.0,219136.0,37.728,104.12,Curriculum 8x8,36.83377777777778,106.04222222222222
721184.0,221184.0,38.806,102.0,Curriculum 8x8,36.66844444444444,106.42555555555556
723232.0,223232.0,38.82899999999999,101.39,Curriculum 8x8,36.60344444444444,106.45111111111112
725280.0,225280.0,37.19999999999999,105.73,Curriculum 8x8,36.73188888888889,106.14777777777778
727328.0,227328.0,36.656,107.12,Curriculum 8x8,36.96522222222222,105.76
729376.0,229376.0,36.088,108.92,Curriculum 8x8,37.27766666666667,105.28555555555556
731424.0,231424.0,34.22,112.6,Curriculum 8x8,37.41555555555555,105.1511111111111
733472.0,233472.0,29.084000000000007,120.46,Curriculum 8x8,36.471,106.92333333333333
735520.0,235520.0,29.675000000000004,119.85,Curriculum 8x8,35.36511111111111,109.13222222222221
737568.0,237568.0,30.194000000000003,118.17,Curriculum 8x8,34.528,110.69333333333333
739616.0,239616.0,31.082000000000004,115.97,Curriculum 8x8,33.66977777777778,112.24555555555554
741664.0,241664.0,25.354,125.06,Curriculum 8x8,32.172555555555554,114.87555555555554
743712.0,243712.0,21.245999999999995,132.54,Curriculum 8x8,30.39988888888889,117.85444444444445
745760.0,245760.0,26.576,124.26,Curriculum 8x8,29.27988888888889,119.75888888888888
747808.0,247808.0,27.189,122.56,Curriculum 8x8,28.29111111111111,121.27444444444444
749856.0,249856.0,26.115,124.23,Curriculum 8x8,27.390555555555558,122.56666666666666
751904.0,251904.0,25.668000000000006,123.58,Curriculum 8x8,27.011000000000003,122.91333333333334
753952.0,253952.0,36.87199999999999,104.84,Curriculum 8x8,27.810666666666666,121.24555555555555
756000.0,256000.0,37.615,103.33,Curriculum 8x8,28.63522222222222,119.59666666666665
758048.0,258048.0,35.697,107.21,Curriculum 8x8,29.148,118.62333333333335
760096.0,260096.0,37.065,104.51,Curriculum 8x8,30.44922222222222,116.33999999999999
762144.0,262144.0,37.943,104.19,Curriculum 8x8,32.30444444444444,113.19
764192.0,264192.0,35.806,108.28,Curriculum 8x8,33.33,111.41444444444444
766240.0,266240.0,35.312999999999995,109.04,Curriculum 8x8,34.23266666666667,109.91222222222221
768288.0,268288.0,39.25400000000001,100.67,Curriculum 8x8,35.69255555555556,107.29444444444445
770336.0,270336.0,40.835,98.06,Curriculum 8x8,37.37777777777777,104.4588888888889
772384.0,272384.0,44.217,90.66,Curriculum 8x8,38.19388888888889,102.88333333333334
774432.0,274432.0,41.999,96.61,Curriculum 8x8,38.681000000000004,102.13666666666667
776480.0,276480.0,41.085,98.67,Curriculum 8x8,39.27966666666667,101.18777777777778
778528.0,278528.0,40.789,99.26,Curriculum 8x8,39.69344444444445,100.60444444444445
780576.0,280576.0,38.689,102.21,Curriculum 8x8,39.776333333333326,100.38444444444445
782624.0,282624.0,37.299,104.77,Curriculum 8x8,39.94222222222223,99.99444444444445
784672.0,284672.0,39.267,100.93,Curriculum 8x8,40.38155555555556,99.09333333333333
786720.0,286720.0,38.91400000000001,102.36,Curriculum 8x8,40.343777777777774,99.2811111111111
788768.0,288768.0,37.881,104.7,Curriculum 8x8,40.01555555555556,100.0188888888889
790816.0,290816.0,36.134,108.59,Curriculum 8x8,39.117444444444445,102.0111111111111
792864.0,292864.0,39.172,104.02,Curriculum 8x8,38.803333333333335,102.83444444444444
794912.0,294912.0,37.267,107.87,Curriculum 8x8,38.37911111111111,103.85666666666667
796960.0,296960.0,34.254,113.96,Curriculum 8x8,37.653,105.49
799008.0,299008.0,33.43899999999999,115.66,Curriculum 8x8,37.06966666666667,106.98444444444445
801056.0,301056.0,29.079999999999995,124.1,Curriculum 8x8,36.15644444444444,109.13222222222221
803104.0,303104.0,27.33900000000001,128.42,Curriculum 8x8,34.83111111111111,112.18666666666667
805152.0,305152.0,27.881,127.08,Curriculum 8x8,33.605222222222224,114.93333333333334
807200.0,307200.0,28.318,126.78,Curriculum 8x8,32.54266666666666,117.38666666666667
809248.0,309248.0,34.075,114.63,Curriculum 8x8,32.3138888888889,118.05777777777777
811296.0,311296.0,34.352,113.83,Curriculum 8x8,31.778333333333332,119.14777777777778
813344.0,313344.0,36.748000000000005,109.26,Curriculum 8x8,31.720666666666666,119.30222222222223
815392.0,315392.0,34.535,113.99,Curriculum 8x8,31.75188888888889,119.30555555555556
817440.0,317440.0,31.253,121.02,Curriculum 8x8,31.509,119.90111111111112
819488.0,319488.0,32.651,117.61,Curriculum 8x8,31.905777777777782,119.17999999999999
821536.0,321536.0,35.74799999999999,110.12,Curriculum 8x8,32.84011111111111,117.14666666666666
823584.0,323584.0,35.73,109.81,Curriculum 8x8,33.712222222222216,115.22777777777777
825632.0,325632.0,39.513000000000005,101.62,Curriculum 8x8,34.95611111111111,112.43222222222224
827680.0,327680.0,41.332,97.85,Curriculum 8x8,35.76244444444445,110.56777777777778
829728.0,329728.0,41.8,96.77,Curriculum 8x8,36.589999999999996,108.67222222222222
831776.0,331776.0,43.088,94.57,Curriculum 8x8,37.294444444444444,107.04
833824.0,333824.0,41.107,98.59,Curriculum 8x8,38.02466666666667,105.3288888888889
835872.0,335872.0,42.158,94.81,Curriculum 8x8,39.23633333333333,102.41666666666667
837920.0,337920.0,41.956,95.4,Curriculum 8x8,40.27022222222222,99.94888888888889
839968.0,339968.0,40.848,97.63,Curriculum 8x8,40.836888888888886,98.5611111111111
842016.0,342016.0,41.105,96.91,Curriculum 8x8,41.434111111111115,97.1277777777778
844064.0,344064.0,42.612000000000016,95.15,Curriculum 8x8,41.77844444444444,96.40888888888888
846112.0,346112.0,41.288,97.98,Curriculum 8x8,41.773555555555554,96.42333333333335
848160.0,348160.0,38.992,101.51,Curriculum 8x8,41.46155555555556,96.95
850208.0,350208.0,39.128,101.35,Curriculum 8x8,41.02155555555556,97.70333333333333
852256.0,352256.0,40.77,97.63,Curriculum 8x8,40.984111111111105,97.59666666666666
854304.0,354304.0,39.33700000000001,100.81,Curriculum 8x8,40.670666666666676,98.26333333333334
856352.0,356352.0,40.099,99.25,Curriculum 8x8,40.464333333333336,98.69111111111111
858400.0,358400.0,40.76500000000001,99.44,Curriculum 8x8,40.45511111111111,98.89222222222223
860448.0,360448.0,39.54400000000001,101.88,Curriculum 8x8,40.281666666666666,99.44444444444444
862496.0,362496.0,38.66499999999999,103.72,Curriculum 8x8,39.843111111111114,100.39666666666666
864544.0,364544.0,40.58599999999999,99.53,Curriculum 8x8,39.76511111111111,100.56888888888889
866592.0,366592.0,38.68800000000001,103.07,Curriculum 8x8,39.73133333333333,100.74222222222221
868640.0,368640.0,38.784,101.37,Curriculum 8x8,39.69311111111111,100.74444444444444
870688.0,370688.0,41.273,95.59,Curriculum 8x8,39.749,100.51777777777778
872736.0,372736.0,40.314,98.19,Curriculum 8x8,39.85755555555556,100.22666666666666
874784.0,374784.0,42.16799999999999,94.26,Curriculum 8x8,40.08744444444444,99.67222222222222
876832.0,376832.0,42.464,93.84,Curriculum 8x8,40.27622222222222,99.05
878880.0,378880.0,42.13799999999999,95.09,Curriculum 8x8,40.56444444444444,98.29555555555555
880928.0,380928.0,41.99,95.35,Curriculum 8x8,40.93388888888889,97.36555555555556
882976.0,382976.0,41.79200000000001,95.05,Curriculum 8x8,41.06788888888889,96.86777777777777
885024.0,385024.0,38.436,102.1,Curriculum 8x8,41.039888888888896,96.76
887072.0,387072.0,38.395,102.1,Curriculum 8x8,40.99666666666667,96.84111111111112
889120.0,389120.0,37.122,104.1,Curriculum 8x8,40.535444444444444,97.78666666666666
891168.0,391168.0,35.86600000000001,106.36,Curriculum 8x8,40.04122222222222,98.69444444444444
893216.0,393216.0,35.44200000000001,107.0,Curriculum 8x8,39.293888888888894,100.11
895264.0,395264.0,37.92400000000001,102.03,Curriculum 8x8,38.78944444444445,101.02000000000001
897312.0,397312.0,38.849,100.13,Curriculum 8x8,38.42400000000001,101.58
899360.0,399360.0,42.0,94.64,Curriculum 8x8,38.425111111111114,101.50111111111111
901408.0,401408.0,42.261,94.36,Curriculum 8x8,38.477222222222224,101.42444444444443
903456.0,403456.0,41.378,97.18,Curriculum 8x8,38.80411111111112,100.87777777777778
905504.0,405504.0,39.19,102.27,Curriculum 8x8,38.89244444444445,100.89666666666666
907552.0,407552.0,37.690000000000005,105.51,Curriculum 8x8,38.955555555555556,101.05333333333334
909600.0,409600.0,37.74,104.78,Curriculum 8x8,39.16377777777778,100.8777777777778
911648.0,411648.0,38.19500000000001,104.04,Curriculum 8x8,39.46966666666667,100.5488888888889
913696.0,413696.0,40.28200000000001,99.42,Curriculum 8x8,39.73166666666666,100.25888888888889
915744.0,415744.0,41.35000000000001,96.91,Curriculum 8x8,40.00955555555556,99.90111111111112
917792.0,417792.0,41.72,96.37,Curriculum 8x8,39.97844444444445,100.09333333333332
919840.0,419840.0,40.513000000000005,99.02,Curriculum 8x8,39.784222222222226,100.61111111111113
921888.0,421888.0,39.157,101.06,Curriculum 8x8,39.537444444444446,101.04222222222222
923936.0,423936.0,36.712,105.71,Curriculum 8x8,39.26211111111112,101.42444444444445
925984.0,425984.0,34.056,111.4,Curriculum 8x8,38.858333333333334,102.0788888888889
928032.0,428032.0,33.926,111.5,Curriculum 8x8,38.434555555555555,102.82555555555557
930080.0,430080.0,33.73400000000001,111.87,Curriculum 8x8,37.9388888888889,103.69555555555556
932128.0,432128.0,35.247,109.63,Curriculum 8x8,37.379444444444445,104.83
934176.0,434176.0,35.18100000000001,110.16,Curriculum 8x8,36.694,106.30222222222221
936224.0,436224.0,38.24699999999999,104.3,Curriculum 8x8,36.30811111111112,107.18333333333334
938272.0,438272.0,35.981,109.33,Curriculum 8x8,35.80455555555555,108.32888888888888
940320.0,440320.0,38.764,103.43,Curriculum 8x8,35.76088888888889,108.59222222222223
942368.0,442368.0,41.35099999999999,97.5,Curriculum 8x8,36.276333333333326,107.68
944416.0,444416.0,42.041,95.87,Curriculum 8x8,37.163555555555554,105.95444444444445
946464.0,446464.0,44.37800000000002,90.93,Curriculum 8x8,38.32488888888889,103.66888888888889
948512.0,448512.0,44.169,90.31,Curriculum 8x8,39.48433333333334,101.27333333333334
950560.0,450560.0,41.81999999999999,96.21,Curriculum 8x8,40.214666666666666,99.78222222222222
952608.0,452608.0,41.196,97.68,Curriculum 8x8,40.883,98.39555555555556
954656.0,454656.0,39.163,101.83,Curriculum 8x8,40.98477777777778,98.1211111111111
956704.0,456704.0,39.001,102.48,Curriculum 8x8,41.32033333333333,97.36
958752.0,458752.0,39.087,102.76,Curriculum 8x8,41.35622222222222,97.28555555555555
960800.0,460800.0,41.652,96.61,Curriculum 8x8,41.38966666666667,97.18666666666667
962848.0,462848.0,41.501000000000005,96.6,Curriculum 8x8,41.32966666666667,97.26777777777778
964896.0,464896.0,41.115,97.98,Curriculum 8x8,40.96711111111111,98.05111111111111
966944.0,466944.0,39.99,100.19,Curriculum 8x8,40.50277777777777,99.14888888888888
968992.0,468992.0,40.503,99.51,Curriculum 8x8,40.35644444444445,99.51555555555557
971040.0,471040.0,37.446,105.71,Curriculum 8x8,39.93977777777778,100.40777777777777
973088.0,473088.0,36.62,107.77,Curriculum 8x8,39.657222222222224,101.06777777777776
975136.0,475136.0,34.648,111.5,Curriculum 8x8,39.17355555555556,102.07
977184.0,477184.0,35.462,109.48,Curriculum 8x8,38.77077777777778,102.81666666666666
979232.0,479232.0,34.021,112.51,Curriculum 8x8,37.92288888888889,104.58333333333333
981280.0,481280.0,35.351000000000006,110.15,Curriculum 8x8,37.239555555555555,106.0888888888889
983328.0,483328.0,37.761,105.21,Curriculum 8x8,36.866888888888894,106.89222222222222
985376.0,485376.0,39.476,102.42,Curriculum 8x8,36.80977777777778,107.14
987424.0,487424.0,39.933,100.98,Curriculum 8x8,36.74644444444445,107.30333333333334
989472.0,489472.0,39.776,101.07,Curriculum 8x8,37.00533333333333,106.78777777777778
991520.0,491520.0,39.284,102.18,Curriculum 8x8,37.30133333333334,106.16666666666667
993568.0,493568.0,36.872,107.83,Curriculum 8x8,37.54844444444444,105.75888888888889
995616.0,495616.0,32.754999999999995,116.39,Curriculum 8x8,37.24766666666667,106.52666666666667
997664.0,497664.0,36.32199999999999,108.45,Curriculum 8x8,37.50333333333333,106.07555555555557
999712.0,499712.0,36.076,108.81,Curriculum 8x8,37.583888888888886,105.92666666666666
1001760.0,501760.0,37.93900000000001,104.58,Curriculum 8x8,37.60366666666667,105.85666666666667
