time/iterations,time/time_elapsed,time/fps,time/total_timesteps,rollout/ep_rew_mean,rollout/ep_len_mean,train/clip_range,train/clip_fraction,train/entropy_loss,train/value_loss,train/loss,train/learning_rate,train/policy_gradient_loss,train/approx_kl,train/explained_variance,train/n_updates
1,1,1535,2048,26.825000000000003,127.4375,,,,,,,,,,
2,3,1213,4096,39.82682926829268,99.82926829268293,0.2,0.075634765625,-0.5145324728451669,10.000628286600113,3.233879804611206,0.0003,-0.004640607352484949,0.010036772,0.6995371580123901,2460
3,6,1006,6144,34.91636363636364,111.21818181818182,0.2,0.033984375,-0.3079362831544131,14.82296689748764,7.812459945678711,0.0003,-0.004604687522805762,0.003506876,0.852081298828125,2470
4,8,917,8192,28.307692307692307,124.8923076923077,0.2,0.1138671875,-0.5917267682030797,20.151994487643243,10.747612953186035,0.0003,-0.009298141692124774,0.01179719,0.8599636554718018,2480
5,11,923,10240,25.273076923076925,130.94871794871796,0.2,0.1490234375,-0.7138361094519496,12.747127173095942,4.2828545570373535,0.0003,-0.006809776753652841,0.0136964535,0.9011344313621521,2490
6,13,919,12288,26.43052631578948,128.74736842105264,0.2,0.0927734375,-0.6374156473204493,22.882790330052377,12.642598152160645,0.0003,-0.005125462442811113,0.006381968,0.8777603507041931,2500
7,16,879,14336,28.217,123.59,0.2,0.062060546875,-0.489474780485034,33.01538047492504,12.672289848327637,0.0003,-0.004890697923838161,0.0051712436,0.8387418389320374,2510
8,19,854,16384,23.692000000000004,133.61,0.2,0.0771484375,-0.43137359656393526,27.8630283921957,11.789326667785645,0.0003,-0.005722142147715203,0.009006294,0.7862623333930969,2520
9,22,834,18432,22.583999999999996,136.04,0.2,0.072998046875,-0.563471982255578,22.90173809528351,9.267777442932129,0.0003,-0.004997557004389819,0.0076814056,0.8593280911445618,2530
10,24,819,20480,28.772999999999996,123.28,0.2,0.0529296875,-0.3914462297223508,33.76834670901299,14.981261253356934,0.0003,-0.004387595877051354,0.0043935217,0.8392421007156372,2540
11,27,805,22528,32.045,115.25,0.2,0.0775390625,-0.39975844211876393,29.87770410180092,14.145408630371094,0.0003,-0.007458500564098358,0.0064578326,0.817950963973999,2550
12,30,812,24576,33.931,112.48,0.2,0.0787109375,-0.4391113081946969,24.709066995978354,9.8980712890625,0.0003,-0.004603103062254377,0.0088745495,0.7771974802017212,2560
13,32,822,26624,35.628,108.26,0.2,0.051806640625,-0.3011621479410678,24.5849593937397,9.122068405151367,0.0003,-0.004218702465004753,0.0052679162,0.8419979214668274,2570
14,34,831,28672,37.723,103.77,0.2,0.071142578125,-0.4765675745904446,24.16199695765972,7.239992141723633,0.0003,-0.005612989842484239,0.006305818,0.8486877679824829,2580
15,36,839,30720,37.244,104.91,0.2,0.057470703125,-0.3459588070400059,26.749009385704994,13.106735229492188,0.0003,-0.005233056304859929,0.0069191456,0.8467260003089905,2590
16,38,846,32768,34.949,109.73,0.2,0.080615234375,-0.42592646637931464,25.718734964728355,9.272664070129395,0.0003,-0.004329072217660723,0.010739094,0.8580716848373413,2600
17,40,852,34816,35.638000000000005,109.47,0.2,0.097216796875,-0.5031751127913594,22.31305373311043,6.016077041625977,0.0003,-0.006874648794473614,0.007334703,0.8246071338653564,2610
18,42,858,36864,34.12499999999999,111.84,0.2,0.071923828125,-0.40224992074072363,26.313619470596315,9.26179313659668,0.0003,-0.005111485338420607,0.005654294,0.8384408950805664,2620
19,45,863,38912,32.665,114.82,0.2,0.074951171875,-0.531799743976444,21.087858638167383,12.521833419799805,0.0003,-0.006946441398758907,0.015081376,0.8652405738830566,2630
20,47,867,40960,30.041,120.35,0.2,0.073046875,-0.512244614586234,29.91441933810711,16.22029685974121,0.0003,-0.0033466281965957023,0.006886257,0.866477370262146,2640
21,49,871,43008,27.935999999999993,124.84,0.2,0.055419921875,-0.4444974042475224,33.41392292380333,16.82303237915039,0.0003,-0.005255147405841853,0.0045267344,0.8457232713699341,2650
22,51,875,45056,30.537,119.73,0.2,0.092138671875,-0.5284992508590222,29.707119345664978,21.444135665893555,0.0003,-0.0054929395417275375,0.008331417,0.8593571186065674,2660
23,53,879,47104,29.705000000000005,121.31,0.2,0.074462890625,-0.36321844728663566,30.751664847135544,13.347718238830566,0.0003,-0.010239854284736793,0.0066739954,0.7649240493774414,2670
24,55,882,49152,33.884,113.57,0.2,0.086328125,-0.4175654458813369,22.466440111398697,6.557043552398682,0.0003,-0.006572290108670132,0.007028761,0.8417854309082031,2680
25,57,885,51200,35.985,109.27,0.2,0.049951171875,-0.3440745072439313,28.386142811179162,11.8645601272583,0.0003,-0.006669790519663365,0.0048605045,0.8336523175239563,2690
26,59,888,53248,39.285,102.28,0.2,0.053564453125,-0.3446170990820974,22.934456264972688,6.137999534606934,0.0003,-0.0061441080397344194,0.0057176123,0.8502287268638611,2700
27,62,891,55296,37.73400000000001,105.42,0.2,0.071875,-0.34278879105113447,26.416237419843675,10.20948314666748,0.0003,-0.005719107444747351,0.0070609273,0.8378544449806213,2710
28,64,893,57344,40.010000000000005,100.7,0.2,0.069775390625,-0.386971949134022,23.409764659404754,10.32108211517334,0.0003,-0.005339259680476971,0.007486622,0.8656395673751831,2720
29,66,895,59392,40.135999999999996,100.13,0.2,0.046923828125,-0.29729215069673953,24.045604839920998,8.114296913146973,0.0003,-0.005110474312095903,0.0042517325,0.8621197938919067,2730
30,68,897,61440,40.67999999999999,98.67,0.2,0.064208984375,-0.3729259157553315,24.239061626791955,14.583603858947754,0.0003,-0.007182014940917724,0.0050780787,0.8532460927963257,2740
31,70,899,63488,39.068000000000005,102.38,0.2,0.04248046875,-0.2682653967756778,21.90428757071495,11.341136932373047,0.0003,-0.0037991295524989256,0.0045755534,0.8591898679733276,2750
32,72,901,65536,39.192,101.22,0.2,0.074267578125,-0.3924938917160034,24.395649811625482,13.327298164367676,0.0003,-0.0065997547775623385,0.006322938,0.8331658244132996,2760
33,74,903,67584,34.117000000000004,111.26,0.2,0.065625,-0.31879513515159486,14.729842187464238,5.9187726974487305,0.0003,-0.0019967435939179266,0.009726716,0.7905372977256775,2770
34,76,904,69632,35.099,108.92,0.2,0.0580078125,-0.4123868029564619,15.58603840470314,6.0200395584106445,0.0003,-0.003948710902477615,0.014938559,0.8683751821517944,2780
35,79,906,71680,34.668,110.09,0.2,0.069921875,-0.30630186521448194,22.462312403321267,10.230256080627441,0.0003,-0.006180010699608829,0.006006534,0.8400781154632568,2790
36,81,907,73728,33.99100000000001,111.03,0.2,0.07158203125,-0.34751703403890133,18.858718430995943,8.524900436401367,0.0003,-0.005897516501136124,0.0062132487,0.8810545206069946,2800
37,83,908,75776,32.122,115.07,0.2,0.052392578125,-0.36007791133597494,25.247793462872504,9.185978889465332,0.0003,-0.0031748141060234047,0.005714303,0.8583232164382935,2810
38,85,909,77824,37.373,105.47,0.2,0.06650390625,-0.3642713333945721,27.924606856703758,18.44757652282715,0.0003,-0.007300372343888739,0.0062927124,0.868269145488739,2820
39,87,910,79872,36.945,105.3,0.2,0.055859375,-0.2883530104998499,25.477202478051186,13.82437801361084,0.0003,-0.005993479309108807,0.0054702675,0.8432263135910034,2830
40,89,911,81920,36.99699999999999,103.86,0.2,0.086962890625,-0.41931368978694084,24.032799133658408,8.160222053527832,0.0003,-0.00782810019882163,0.007417515,0.8729312419891357,2840
41,92,911,83968,36.711000000000006,104.83,0.2,0.054150390625,-0.3667713176459074,26.10334495604038,14.909461975097656,0.0003,-0.004736659617628902,0.01087811,0.886989951133728,2850
42,94,913,86016,36.38,105.05,0.2,0.06123046875,-0.34867202849127354,26.486218973994255,13.944650650024414,0.0003,-0.005427151793264784,0.00447426,0.8832207322120667,2860
43,96,913,88064,34.908,108.46,0.2,0.070361328125,-0.42620216789655385,33.67937379479408,9.940638542175293,0.0003,-0.006441998209629674,0.009275077,0.8616862893104553,2870
44,98,914,90112,31.016000000000005,116.95,0.2,0.072607421875,-0.3808341809548438,28.321804082393648,14.45389461517334,0.0003,-0.006907512000179849,0.0067924447,0.8559117913246155,2880
45,100,914,92160,31.886,116.57,0.2,0.071875,-0.42814506134018304,25.680256339907647,14.927947044372559,0.0003,-0.006440074766578619,0.0062158434,0.8874240517616272,2890
46,102,915,94208,32.175,116.48,0.2,0.0607421875,-0.4612943696789443,28.266917711496355,17.006336212158203,0.0003,-0.0030620533376350067,0.0048123994,0.8819844126701355,2900
47,105,916,96256,34.193,112.38,0.2,0.0630859375,-0.32047781446017326,29.6783836632967,15.664105415344238,0.0003,-0.006376389694924001,0.005768782,0.8028024435043335,2910
48,107,916,98304,34.272999999999996,112.42,0.2,0.0634765625,-0.3350771762896329,21.44513083100319,10.175753593444824,0.0003,-0.0033848741055408026,0.0060421485,0.8510698676109314,2920
49,109,917,100352,36.322,107.22,0.2,0.07666015625,-0.3428949595894665,24.296428474783898,10.220552444458008,0.0003,-0.006118577554298099,0.009059845,0.8496745228767395,2930
50,111,917,102400,40.107,99.54,0.2,0.08857421875,-0.32024071319028735,20.860217717289924,11.799439430236816,0.0003,-0.010439391765976325,0.008933984,0.7923241853713989,2940
51,113,918,104448,41.083999999999996,97.74,0.2,0.06484375,-0.2994499182794243,19.804183435440063,9.089776992797852,0.0003,-0.005371494208520744,0.0047813673,0.8688703775405884,2950
52,115,919,106496,42.361999999999995,94.58,0.2,0.053759765625,-0.2934055482968688,22.476213350892067,12.245854377746582,0.0003,-0.004564377413043985,0.004794848,0.8088601231575012,2960
53,118,919,108544,41.398999999999994,96.18,0.2,0.05400390625,-0.24280817708931862,16.16668435335159,8.444376945495605,0.0003,-0.0054472839263326025,0.007272008,0.8525030612945557,2970
54,120,920,110592,40.049,99.96,0.2,0.089794921875,-0.3721045307815075,12.612323726713658,6.281336784362793,0.0003,-0.0068850065479637125,0.006768319,0.9032130241394043,2980
55,122,921,112640,39.885999999999996,100.09,0.2,0.078759765625,-0.36657476448453963,12.655038245022297,4.2578935623168945,0.0003,-0.007483345779473893,0.009712875,0.8768476843833923,2990
56,124,921,114688,38.19200000000001,103.0,0.2,0.03359375,-0.26226846808567644,11.886906453967095,5.0970458984375,0.0003,-0.0028217097307788206,0.0034820607,0.8862051963806152,3000
57,126,922,116736,36.458000000000006,106.86,0.2,0.0763671875,-0.3533368652220815,17.639922654628755,6.891645431518555,0.0003,-0.008403671550331638,0.006234502,0.7113304138183594,3010
58,128,922,118784,37.415000000000006,105.57,0.2,0.067626953125,-0.287359067145735,16.40559441447258,11.622793197631836,0.0003,-0.0071899282913364,0.0056645162,0.8613550662994385,3020
59,130,922,120832,39.974,100.3,0.2,0.042138671875,-0.24056835654191672,16.08650067448616,7.856468200683594,0.0003,-0.004334002257382963,0.0040473468,0.8688719272613525,3030
60,133,922,122880,39.815,100.98,0.2,0.0568359375,-0.26200177809223535,17.276523411273956,7.942195415496826,0.0003,-0.005382046011800412,0.0064119655,0.8734379410743713,3040
61,135,923,124928,40.098,101.21,0.2,0.0302734375,-0.23392494777217507,17.36323259472847,9.379831314086914,0.0003,-0.002958087892329786,0.002889969,0.8850970268249512,3050
62,137,923,126976,39.13399999999999,103.24,0.2,0.0712890625,-0.3070866134483367,18.978185394406317,11.085868835449219,0.0003,-0.009427358907123562,0.007932214,0.864702582359314,3060
63,139,924,129024,37.283,107.33,0.2,0.041455078125,-0.31978692663833497,24.512572503089906,10.591225624084473,0.0003,-0.0037866840284550563,0.003967393,0.8713577389717102,3070
64,141,924,131072,35.025,111.89,0.2,0.0634765625,-0.34197287731803955,24.096440038084985,12.606911659240723,0.0003,-0.005271200439892709,0.007145826,0.8853136301040649,3080
65,144,924,133120,32.262,118.31,0.2,0.07333984375,-0.34590678974054756,25.143929487466814,9.341622352600098,0.0003,-0.007006926363101229,0.0056479434,0.8720672130584717,3090
66,146,924,135168,32.95899999999999,117.0,0.2,0.061328125,-0.3254715347196907,29.89015580713749,14.174162864685059,0.0003,-0.005123193728650222,0.0062064286,0.8582384586334229,3100
67,148,924,137216,35.176,112.47,0.2,0.030615234375,-0.28815037407912314,31.186179813742637,15.108245849609375,0.0003,-0.003362823343195487,0.0027308187,0.8209174871444702,3110
68,150,924,139264,36.489,109.29,0.2,0.042431640625,-0.19737214331980796,24.129655015468597,9.913531303405762,0.0003,-0.006001071356877219,0.0045996364,0.8068934679031372,3120
69,152,925,141312,37.184,106.14,0.2,0.0416015625,-0.21459018075838684,16.995456725358963,4.971378803253174,0.0003,-0.004501456856087316,0.004454015,0.82905113697052,3130
70,154,925,143360,39.342999999999996,101.04,0.2,0.06494140625,-0.292579186335206,20.78816303014755,10.09380054473877,0.0003,-0.0018177717851358467,0.021592436,0.7592543363571167,3140
71,157,925,145408,38.51,100.51,0.2,0.045458984375,-0.20654933236073703,20.644671684503557,8.42375659942627,0.0003,-0.004551040212390944,0.0035615116,0.8638167381286621,3150
72,159,925,147456,37.067,103.63,0.2,0.04609375,-0.27675258871167896,22.782745426893236,13.711639404296875,0.0003,-0.0008474643211229705,0.0025880714,0.7567639350891113,3160
73,161,925,149504,34.906,108.44,0.2,0.0576171875,-0.2679183319211006,21.552580887079237,8.946434020996094,0.0003,-0.0061811527819372715,0.0067230617,0.8754973411560059,3170
74,163,925,151552,37.336000000000006,105.04,0.2,0.044091796875,-0.2906681753695011,25.656404842436313,11.627046585083008,0.0003,-0.00470589315664256,0.004759266,0.8919296264648438,3180
75,165,925,153600,36.519,105.95,0.2,0.034912109375,-0.22915975304786115,27.948919904232024,12.697553634643555,0.0003,-0.005161852933815681,0.0039617117,0.8187444806098938,3190
76,168,925,155648,34.308,112.33,0.2,0.051806640625,-0.31506015909835694,21.15246809720993,7.6027374267578125,0.0003,-0.0015616162068909033,0.006267648,0.8654813766479492,3200
77,170,925,157696,31.881000000000004,116.87,0.2,0.04423828125,-0.26979138478636744,25.90065495967865,15.054689407348633,0.0003,-0.003796223252720665,0.0045446074,0.8748053312301636,3210
78,172,925,159744,35.304,109.76,0.2,0.055029296875,-0.28186074714176357,26.795045241713524,9.524968147277832,0.0003,-0.008389066597737837,0.0066368002,0.7425870895385742,3220
79,174,925,161792,33.565000000000005,113.64,0.2,0.069873046875,-0.2835034369956702,25.4336091786623,9.231240272521973,0.0003,-0.009723955721710809,0.00763914,0.8246582746505737,3230
80,176,925,163840,36.854,107.0,0.2,0.057275390625,-0.28126793606206774,26.86848390698433,10.780271530151367,0.0003,-0.005546370335650863,0.0057375114,0.8441247940063477,3240
81,179,925,165888,35.865,109.19,0.2,0.040673828125,-0.2566480148583651,25.46525681614876,8.589043617248535,0.0003,-0.002604184024676215,0.003262725,0.8421740531921387,3250
82,181,925,167936,36.837,108.61,0.2,0.064892578125,-0.3510163786821067,25.009297195076943,14.501832008361816,0.0003,-0.006564237941347528,0.011294542,0.8598712086677551,3260
83,183,925,169984,34.428000000000004,114.06,0.2,0.0638671875,-0.3199331521987915,29.48343904018402,18.915800094604492,0.0003,-0.007483032763411756,0.0052875252,0.8496811389923096,3270
84,185,926,172032,34.409,114.44,0.2,0.082177734375,-0.3732559559866786,25.655448961257935,10.625889778137207,0.0003,-0.006877482488926034,0.006953265,0.853630542755127,3280
85,187,926,174080,35.376999999999995,111.82,0.2,0.053076171875,-0.2690098845865577,30.45486670732498,12.070981979370117,0.0003,-0.005990562302758917,0.0061849426,0.8194988369941711,3290
86,190,926,176128,39.67,102.22,0.2,0.050048828125,-0.22547782219480722,21.039902636408804,8.594537734985352,0.0003,-0.005819185296422802,0.0065370775,0.7911138534545898,3300
87,192,926,178176,38.422,104.74,0.2,0.047021484375,-0.1860750237479806,13.77459073215723,6.30422306060791,0.0003,-0.00803462984622456,0.006403842,0.8442561626434326,3310
88,194,926,180224,40.17399999999999,100.21,0.2,0.128076171875,-0.3728998734615743,18.390036630630494,7.293670177459717,0.0003,-0.012361679440073204,0.01693461,0.8395890593528748,3320
89,196,926,182272,39.607000000000006,101.34,0.2,0.069921875,-0.3204562544822693,21.07198272049427,12.92625617980957,0.0003,-0.006939277930359822,0.0087032635,0.8761975765228271,3330
90,198,926,184320,38.177,104.43,0.2,0.039892578125,-0.2757329113781452,21.892318105697633,11.733833312988281,0.0003,-0.003528882788668852,0.003352549,0.8778247833251953,3340
91,201,925,186368,37.451,106.44,0.2,0.05810546875,-0.29203651160933075,20.36835648417473,7.000467300415039,0.0003,-0.006097717516240664,0.006042939,0.8424271941184998,3350
92,203,925,188416,35.131,111.81,0.2,0.031787109375,-0.24099808521568775,21.90144340097904,11.027365684509277,0.0003,-0.0030465882970020174,0.0033068184,0.8552733063697815,3360
93,205,925,190464,36.826,108.45,0.2,0.048193359375,-0.318980002682656,17.064531521499156,9.53074836730957,0.0003,-0.004001679140492343,0.0044314237,0.8893502950668335,3370
94,207,926,192512,38.229,104.77,0.2,0.057568359375,-0.3221655716188252,24.020075705647468,6.504182815551758,0.0003,-0.003505689181474736,0.004997804,0.8802212476730347,3380
95,210,925,194560,35.986999999999995,109.16,0.2,0.0623046875,-0.2780776724219322,21.075465685129167,13.750160217285156,0.0003,-0.007344187691342085,0.0042900024,0.8457889556884766,3390
96,212,926,196608,37.60900000000001,105.4,0.2,0.076904296875,-0.334679530793801,18.294641257822512,9.435946464538574,0.0003,-0.0050652728183195,0.009980803,0.8520504832267761,3400
97,214,926,198656,40.777,98.47,0.2,0.056298828125,-0.24059248208068312,20.364002361893654,5.752224922180176,0.0003,-0.007192842473159544,0.0064521926,0.8268625140190125,3410
98,216,926,200704,42.278,95.16,0.2,0.0373046875,-0.2440640663728118,16.5205039024353,7.108960151672363,0.0003,-0.004026827713823877,0.0041623106,0.8579471707344055,3420
99,218,926,202752,40.294000000000004,98.55,0.2,0.042919921875,-0.24650502088479698,13.321005181968212,7.238225936889648,0.0003,-0.004781736859149533,0.005063734,0.883932888507843,3430
100,221,924,204800,39.414,101.16,0.2,0.07158203125,-0.38418616484850643,16.076790431141852,9.314501762390137,0.0003,-0.003952688461868093,0.008015357,0.8255243897438049,3440
101,224,920,206848,36.044000000000004,108.46,0.2,0.056787109375,-0.3324246815405786,17.588297528028487,11.496246337890625,0.0003,-0.003991940841660835,0.009670809,0.8799039125442505,3450
102,227,917,208896,34.556,110.61,0.2,0.090478515625,-0.40427169371396304,20.75144183039665,8.009652137756348,0.0003,-0.009564387716818602,0.008840404,0.8731433153152466,3460
103,230,916,210944,33.275999999999996,113.19,0.2,0.054736328125,-0.3056338161230087,17.648413859307766,8.012577056884766,0.0003,-0.0035941305679443756,0.01045277,0.7609255313873291,3470
104,232,916,212992,32.979,113.81,0.2,0.054443359375,-0.34341663708910347,21.190800881385805,9.497550964355469,0.0003,-0.005085653741843998,0.0051181954,0.8321881294250488,3480
105,234,916,215040,37.585,104.51,0.2,0.070068359375,-0.3371538110077381,19.92738628089428,9.279341697692871,0.0003,-0.006371381944336463,0.012854591,0.8198290467262268,3490
106,236,916,217088,39.628,99.97,0.2,0.034375,-0.22119320465717465,15.95109217017889,8.302400588989258,0.0003,-0.004852224908245262,0.0038180563,0.8525047898292542,3500
107,239,916,219136,37.728,104.12,0.2,0.059716796875,-0.3203617193270475,19.23162676692009,8.816868782043457,0.0003,-0.005634422424191143,0.0098406635,0.8724897503852844,3510
108,241,916,221184,38.806,102.0,0.2,0.077099609375,-0.40865903738886117,18.11711391210556,9.606263160705566,0.0003,-0.003972958155645756,0.011907485,0.8540810346603394,3520
109,243,916,223232,38.82899999999999,101.39,0.2,0.049853515625,-0.2968367032241076,19.869403290748597,10.234561920166016,0.0003,-0.0033751980678061954,0.004846067,0.8662534356117249,3530
110,245,916,225280,37.19999999999999,105.73,0.2,0.052001953125,-0.2777927082031965,15.82034815698862,7.566380023956299,0.0003,-0.0023488262864702846,0.0044627506,0.8610049486160278,3540
111,247,916,227328,36.656,107.12,0.2,0.07021484375,-0.3246074705850333,19.394902729988097,8.321088790893555,0.0003,-0.006688049295917153,0.0060230177,0.8204696178436279,3550
112,250,917,229376,36.088,108.92,0.2,0.063623046875,-0.36788301202468576,20.138231274485587,8.789589881896973,0.0003,-0.006578478857409209,0.0073615694,0.8626670837402344,3560
113,252,916,231424,34.22,112.6,0.2,0.066943359375,-0.366723354998976,22.626158344745637,13.914170265197754,0.0003,-0.006215522292768583,0.0069513735,0.8595365285873413,3570
114,254,916,233472,29.084000000000007,120.46,0.2,0.071142578125,-0.3162385053932667,23.026078583300112,9.135680198669434,0.0003,-0.007568099981290289,0.008624002,0.8650476336479187,3580
115,256,917,235520,29.675000000000004,119.85,0.2,0.188818359375,-0.524731897842139,19.62223287075758,10.548151016235352,0.0003,-0.026070225954754278,0.0191614,0.8071845769882202,3590
116,259,917,237568,30.194000000000003,118.17,0.2,0.04912109375,-0.27564757596701384,26.3989606320858,14.273015975952148,0.0003,-0.006694463758321945,0.0042641917,0.7978208065032959,3600
117,261,917,239616,31.082000000000004,115.97,0.2,0.044970703125,-0.27180197215639057,21.77001797258854,9.290411949157715,0.0003,-0.0023405142841511407,0.0047835484,0.8347407579421997,3610
118,263,917,241664,25.354,125.06,0.2,0.062158203125,-0.3792957053985447,21.008709053695203,6.537842750549316,0.0003,-0.003979888308094814,0.005046859,0.8661719560623169,3620
119,265,917,243712,21.245999999999995,132.54,0.2,0.107373046875,-0.6202252318151296,13.59283975958824,7.495474338531494,0.0003,-0.004806051139894407,0.010873049,0.8162734508514404,3630
120,267,917,245760,26.576,124.26,0.2,0.0458984375,-0.3947211391292512,25.948731681704523,15.81821060180664,0.0003,-0.003789258647884708,0.0054503055,0.8202905654907227,3640
121,269,918,247808,27.188999999999997,122.56,0.2,0.049853515625,-0.24812651742249728,32.73835035562515,12.879691123962402,0.0003,-0.005640580160252285,0.0055512316,0.8245458602905273,3650
122,272,918,249856,26.115,124.23,0.2,0.053271484375,-0.2831695527303964,26.501485791802406,11.540472030639648,0.0003,-0.005117624717240687,0.0050421553,0.8262717723846436,3660
123,274,918,251904,25.668000000000006,123.58,0.2,0.12451171875,-0.28543041413649917,23.99442915022373,9.792670249938965,0.0003,-0.023639100170112216,0.0125955865,0.8063985109329224,3670
124,276,918,253952,36.87199999999999,104.84,0.2,0.137841796875,-0.34908819836564364,18.824333022534848,6.965768814086914,0.0003,-0.019009030077722856,0.018022835,0.763738751411438,3680
125,278,918,256000,37.614999999999995,103.33,0.2,0.066943359375,-0.26469183643348515,22.69898569881916,8.252886772155762,0.0003,-0.005221611468004994,0.0065824664,0.8153864741325378,3690
126,280,918,258048,35.696999999999996,107.21,0.2,0.054541015625,-0.26184726185165347,19.145003083348275,9.596817970275879,0.0003,-0.006413506041280925,0.00546977,0.8662434816360474,3700
127,283,918,260096,37.065,104.51,0.2,0.064697265625,-0.32748320838436484,16.20036415308714,7.240787029266357,0.0003,-0.003161125295446254,0.0066406135,0.8847718238830566,3710
128,285,918,262144,37.943,104.19,0.2,0.052001953125,-0.260828877100721,21.95155673623085,10.753900527954102,0.0003,-0.005755592262721621,0.0038086032,0.8591069579124451,3720
129,287,918,264192,35.806,108.28,0.2,0.0826171875,-0.3356011534109712,23.020683911442756,9.87338924407959,0.0003,-0.009492337713891175,0.015287242,0.8451661467552185,3730
130,289,918,266240,35.312999999999995,109.04,0.2,0.071533203125,-0.3693348517641425,22.531242245435713,9.840970993041992,0.0003,-0.009226319324079668,0.010810439,0.8753128051757812,3740
131,292,918,268288,39.25400000000001,100.67,0.2,0.052197265625,-0.21421178649179637,17.312661123275756,6.619770050048828,0.0003,-0.009809374973701778,0.00867541,0.8424361944198608,3750
132,294,918,270336,40.835,98.06,0.2,0.04814453125,-0.19712459070142357,13.135174705088138,7.160458087921143,0.0003,-0.0033638315071584657,0.005658077,0.834719717502594,3760
133,296,919,272384,44.217,90.66,0.2,0.041552734375,-0.20816913058515638,11.78064976632595,6.015372276306152,0.0003,-0.004254744576610392,0.0045715263,0.8773645758628845,3770
134,298,918,274432,41.999,96.61,0.2,0.032763671875,-0.18752403133548795,12.424563166499137,5.2488789558410645,0.0003,-0.003707219174975762,0.0031140363,0.8915627598762512,3780
135,300,919,276480,41.085,98.67,0.2,0.070263671875,-0.3296836873050779,14.64469667226076,8.07222843170166,0.0003,-0.006254072739102412,0.0067183212,0.8861642479896545,3790
136,302,919,278528,40.788999999999994,99.26,0.2,0.048828125,-0.27158362162299454,20.237415286898614,6.511810302734375,0.0003,-0.005524212526506744,0.004586802,0.8742130994796753,3800
137,305,919,280576,38.689,102.21,0.2,0.035009765625,-0.23680776748806237,20.07323839068413,8.351128578186035,0.0003,-0.0031997470927308314,0.0035115257,0.8390447497367859,3810
138,307,919,282624,37.299,104.77,0.2,0.103564453125,-0.3367250930517912,17.767369425296785,7.013426303863525,0.0003,-0.017940358398482202,0.019057786,0.8402039408683777,3820
139,309,919,284672,39.266999999999996,100.93,0.2,0.051416015625,-0.2533769265282899,15.62009932845831,7.698713779449463,0.0003,-0.0075351141189457845,0.012854053,0.8524606823921204,3830
140,311,919,286720,38.91400000000001,102.36,0.2,0.045263671875,-0.26635002316907047,20.262394496798514,10.664467811584473,0.0003,-0.005819546072598314,0.0057970523,0.8599281311035156,3840
141,313,919,288768,37.881,104.7,0.2,0.049560546875,-0.29592960672453045,21.392378422617913,12.970697402954102,0.0003,-0.006631994360941462,0.0055889627,0.8643434643745422,3850
142,316,919,290816,36.134,108.59,0.2,0.041259765625,-0.28586863582022487,20.580462673306464,9.583662986755371,0.0003,-0.004797763346141437,0.00455838,0.8791900277137756,3860
143,318,919,292864,39.172,104.02,0.2,0.061572265625,-0.34296253393404186,22.739955842494965,8.548981666564941,0.0003,-0.005566177531727589,0.0067568244,0.8663272857666016,3870
144,320,919,294912,37.267,107.87,0.2,0.046484375,-0.2503701271023601,21.53441939353943,11.162616729736328,0.0003,-0.00528500581276603,0.007276314,0.835845947265625,3880
145,322,919,296960,34.254,113.96,0.2,0.0791015625,-0.3454499858897179,18.410908727347852,8.001501083374023,0.0003,-0.006203747702238615,0.011598007,0.8699678182601929,3890
146,325,919,299008,33.43899999999999,115.66,0.2,0.057421875,-0.3843336459249258,17.383440819382667,6.416930198669434,0.0003,-0.0030045197549043224,0.0068199188,0.8688416481018066,3900
147,327,919,301056,29.079999999999995,124.1,0.2,0.048193359375,-0.3622724310494959,22.432270342111586,15.108372688293457,0.0003,-0.003557673237810377,0.0048517743,0.8867022395133972,3910
148,329,919,303104,27.339000000000006,128.42,0.2,0.082275390625,-0.36380570656619965,26.949687203764917,10.427916526794434,0.0003,-0.008870556915644557,0.011823229,0.8011264801025391,3920
149,331,919,305152,27.881,127.08,0.2,0.073583984375,-0.36331909745931623,26.880539193749428,7.990248680114746,0.0003,-0.008647404125804314,0.008180448,0.8298505544662476,3930
150,333,919,307200,28.318,126.78,0.2,0.0400390625,-0.21767311147414148,27.257047161459923,12.629520416259766,0.0003,-0.004244168091099709,0.0038970495,0.7702553868293762,3940
151,336,919,309248,34.075,114.63,0.2,0.053076171875,-0.2922305206768215,21.432897427678107,12.496041297912598,0.0003,-0.005227736629240099,0.006147415,0.8468561172485352,3950
152,338,919,311296,34.352,113.83,0.2,0.05634765625,-0.26938510457985104,23.11657246053219,8.760141372680664,0.0003,-0.006302069076627959,0.0070020473,0.83194500207901,3960
153,340,920,313344,36.748000000000005,109.26,0.2,0.0646484375,-0.3610350451432168,20.227603247761728,7.408954620361328,0.0003,-0.0034907928420579992,0.004939609,0.8557968139648438,3970
154,342,920,315392,34.535,113.99,0.2,0.056982421875,-0.2992202746681869,26.149287509918214,6.866201400756836,0.0003,-0.005198039782408159,0.0051394673,0.8483405113220215,3980
155,344,920,317440,31.253,121.02,0.2,0.08798828125,-0.364783713594079,25.4062516361475,10.385679244995117,0.0003,-0.00596877135685645,0.007384332,0.8199798464775085,3990
156,347,920,319488,32.650999999999996,117.61,0.2,0.078515625,-0.3445971594657749,27.26839556992054,16.427154541015625,0.0003,-0.008803447797981789,0.00612803,0.8331876397132874,4000
157,349,920,321536,35.74799999999999,110.12,0.2,0.05224609375,-0.24542430620640515,27.860689309239387,8.459939956665039,0.0003,-0.005451786500634626,0.0044560186,0.7966927289962769,4010
158,351,920,323584,35.73,109.81,0.2,0.0734375,-0.24266920720692725,17.151665849983694,8.010945320129395,0.0003,-0.010253534685762133,0.007439086,0.8322774171829224,4020
159,353,920,325632,39.513000000000005,101.62,0.2,0.05361328125,-0.24548524008132516,17.34790309071541,7.878911018371582,0.0003,-0.004055224393960088,0.004738619,0.8483099937438965,4030
160,355,920,327680,41.332,97.85,0.2,0.040478515625,-0.24856459726579488,21.48386732339859,9.051383972167969,0.0003,-0.0032216357481956947,0.0036537745,0.8718694448471069,4040
161,358,920,329728,41.8,96.77,0.2,0.0517578125,-0.2460761323105544,20.192112904787063,5.561722278594971,0.0003,-0.007703178930387367,0.005415614,0.880125105381012,4050
162,360,920,331776,43.088,94.57,0.2,0.043603515625,-0.2102490818593651,17.972643738985063,8.19073486328125,0.0003,-0.0039863115620391906,0.0074965027,0.8664265275001526,4060
163,362,920,333824,41.107,98.59,0.2,0.057080078125,-0.2509724398609251,14.599392838776112,4.304143905639648,0.0003,-0.004134641251584981,0.006360419,0.8557063937187195,4070
164,364,920,335872,42.157999999999994,94.81,0.2,0.050390625,-0.26252845930866897,18.05699558854103,5.707726001739502,0.0003,-0.0065310887555824594,0.006363325,0.8220563530921936,4080
165,366,920,337920,41.955999999999996,95.4,0.2,0.04208984375,-0.23027881337329745,12.773764500021935,6.273317813873291,0.0003,-0.004989171661145519,0.0085787885,0.7799047231674194,4090
166,369,920,339968,40.848,97.63,0.2,0.038818359375,-0.2082932593068108,13.858928063511849,6.067272663116455,0.0003,-0.004232567739381921,0.008383455,0.8781174421310425,4100
167,371,920,342016,41.105,96.91,0.2,0.057275390625,-0.27059174682945014,16.930036363005637,5.803999423980713,0.0003,-0.007064158495632,0.0067008403,0.8712400197982788,4110
168,373,921,344064,42.612000000000016,95.15,0.2,0.05576171875,-0.2740112958010286,19.35982688367367,7.783269882202148,0.0003,-0.007321479175880085,0.005305771,0.8703552484512329,4120
169,375,921,346112,41.288000000000004,97.98,0.2,0.04931640625,-0.3415848505683243,20.84409684240818,10.34274673461914,0.0003,-0.00506142002705019,0.0042122775,0.8484773635864258,4130
170,377,921,348160,38.992000000000004,101.51,0.2,0.0677734375,-0.288871560851112,18.763475582003593,10.093000411987305,0.0003,-0.008583595156960656,0.0053770714,0.8367724418640137,4140
171,380,921,350208,39.128,101.35,0.2,0.077294921875,-0.3137443440500647,15.780936282873153,3.351778030395508,0.0003,-0.007011971832253039,0.009373857,0.868865430355072,4150
172,382,921,352256,40.77,97.63,0.2,0.05244140625,-0.2770980028435588,19.99272130727768,9.262487411499023,0.0003,-0.004875065769010689,0.0050043203,0.8674152493476868,4160
173,384,921,354304,39.33700000000001,100.81,0.2,0.0505859375,-0.2660147928167135,17.89677127301693,8.9824800491333,0.0003,-0.004241102356172632,0.004176496,0.8471958041191101,4170
174,386,921,356352,40.099000000000004,99.25,0.2,0.06015625,-0.3195776574779302,17.61111840903759,6.9338812828063965,0.0003,-0.005342435369675514,0.006180643,0.874282717704773,4180
175,388,921,358400,40.76500000000001,99.44,0.2,0.05283203125,-0.23532709246501327,17.55876186490059,8.92952823638916,0.0003,-0.007669189438456669,0.0052430583,0.8616539239883423,4190
176,391,921,360448,39.54400000000001,101.88,0.2,0.065576171875,-0.3366113883908838,18.887428957223893,10.469598770141602,0.0003,-0.006165317086561118,0.005789776,0.8712642788887024,4200
177,393,921,362496,38.66499999999999,103.72,0.2,0.088916015625,-0.3368904552888125,19.712994363904,10.671046257019043,0.0003,-0.01502987341809785,0.016314194,0.8668661117553711,4210
178,395,921,364544,40.58599999999999,99.53,0.2,0.045654296875,-0.26810134956613185,19.12655978798866,12.092154502868652,0.0003,-0.005830701786908321,0.0060030394,0.8753354549407959,4220
179,397,921,366592,38.68800000000001,103.07,0.2,0.037109375,-0.23641806808300317,18.632193315029145,6.695226669311523,0.0003,-0.0034678751246246973,0.003421205,0.8611475229263306,4230
180,400,921,368640,38.784,101.37,0.2,0.067431640625,-0.3360341856256127,17.158981101214884,7.705399513244629,0.0003,-0.006816753007296938,0.008721772,0.8683443665504456,4240
181,402,921,370688,41.273,95.59,0.2,0.072314453125,-0.33514163237996397,20.654418355226518,8.13469409942627,0.0003,-0.005851461159181781,0.0061717536,0.8104040026664734,4250
182,404,921,372736,40.314,98.19,0.2,0.068408203125,-0.2392934721428901,16.582992595434188,5.726260185241699,0.0003,-0.009563268558122218,0.007981084,0.8354120850563049,4260
183,406,921,374784,42.16799999999999,94.26,0.2,0.041259765625,-0.2810363793279976,17.197824147343635,8.42627239227295,0.0003,-0.005201027747534681,0.0042728703,0.8571791052818298,4270
184,408,921,376832,42.464,93.84,0.2,0.0400390625,-0.18419793341308832,13.10417361855507,6.113849639892578,0.0003,-0.0050267260317923505,0.0039101304,0.8788386583328247,4280
185,411,921,378880,42.13799999999999,95.09,0.2,0.05791015625,-0.28596968641504644,13.131254653632642,6.271492958068848,0.0003,-0.005163884825014975,0.013010329,0.8749041557312012,4290
186,413,921,380928,41.99,95.35,0.2,0.05498046875,-0.32558254040777684,14.99442566484213,8.661035537719727,0.0003,-0.0033059927096473984,0.005009749,0.8823237419128418,4300
187,415,921,382976,41.79200000000001,95.05,0.2,0.064599609375,-0.325774672627449,20.921184769272806,12.13371753692627,0.0003,-0.007325320777454181,0.0053632343,0.8729650974273682,4310
188,417,921,385024,38.436,102.1,0.2,0.05791015625,-0.26429194430820646,15.49309037923813,5.857573986053467,0.0003,-0.006955845234915614,0.006141946,0.8705188632011414,4320
189,419,921,387072,38.395,102.1,0.2,0.0783203125,-0.3682648322544992,18.462077347934247,8.314766883850098,0.0003,-0.009055555799568538,0.00881752,0.8769143223762512,4330
190,422,921,389120,37.122,104.1,0.2,0.03955078125,-0.28390989564359187,19.86349948644638,8.131072044372559,0.0003,-0.004589595507422928,0.0047003934,0.8664962649345398,4340
191,424,922,391168,35.86600000000001,106.36,0.2,0.085302734375,-0.44358913945034145,22.45677714049816,15.110237121582031,0.0003,-0.011304679431486876,0.008949144,0.811213493347168,4350
192,426,922,393216,35.44200000000001,107.0,0.2,0.044775390625,-0.3161414548289031,21.757078176736833,9.023244857788086,0.0003,-0.0038559752618311906,0.004350335,0.8099939823150635,4360
193,428,922,395264,37.92400000000001,102.03,0.2,0.0662109375,-0.3132202260196209,19.29669864475727,7.251417636871338,0.0003,-0.010117459227330983,0.0066466876,0.7957693934440613,4370
194,430,922,397312,38.849000000000004,100.13,0.2,0.045849609375,-0.22102052494883537,18.04219508767128,7.586004257202148,0.0003,-0.0070880301980650985,0.0046184757,0.8346192836761475,4380
195,433,922,399360,42.0,94.64,0.2,0.050830078125,-0.251150216627866,15.164625731110572,6.522873401641846,0.0003,-0.006982117673032917,0.005641885,0.8658257126808167,4390
196,435,922,401408,42.261,94.36,0.2,0.055419921875,-0.2914790944661945,14.641915279626847,5.747857570648193,0.0003,-0.006562268052948639,0.0056373784,0.8607892394065857,4400
197,437,922,403456,41.378,97.18,0.2,0.0814453125,-0.34520100615918636,13.536598290503026,3.334299325942993,0.0003,-0.008190955909958575,0.009564837,0.8872206211090088,4410
198,440,920,405504,39.19,102.27,0.2,0.06005859375,-0.36463833739981055,19.538818025588988,13.943503379821777,0.0003,-0.006136100816365797,0.006821176,0.8797341585159302,4420
199,443,918,407552,37.690000000000005,105.51,0.2,0.060498046875,-0.38301587365567685,23.157708165049552,14.846474647521973,0.0003,-0.006178715209534858,0.006820623,0.8646363615989685,4430
200,446,916,409600,37.74,104.78,0.2,0.064892578125,-0.33945544669404626,23.542575663328172,10.473332405090332,0.0003,-0.00676832693934557,0.007045055,0.8687970042228699,4440
201,449,915,411648,38.19500000000001,104.04,0.2,0.07578125,-0.3360567297320813,22.21090947985649,11.680685997009277,0.0003,-0.011429473801399581,0.009533497,0.8341118693351746,4450
202,451,915,413696,40.28200000000001,99.42,0.2,0.064892578125,-0.3363514477852732,19.570936504006387,8.244729042053223,0.0003,-0.003994142230658327,0.00655271,0.8608769774436951,4460
203,454,915,415744,41.35000000000001,96.91,0.2,0.06650390625,-0.2638359928037971,16.67260076403618,8.39809513092041,0.0003,-0.009855922120914328,0.00724986,0.8263456225395203,4470
204,456,915,417792,41.72,96.37,0.2,0.072509765625,-0.31252989214845,15.403023360669613,10.3873291015625,0.0003,-0.006248457323818002,0.010335581,0.850881040096283,4480
205,458,915,419840,40.513000000000005,99.02,0.2,0.059619140625,-0.34123849268071355,18.969490844011307,8.35573673248291,0.0003,-0.006530891882721335,0.0058379816,0.8649581670761108,4490
206,460,915,421888,39.157,101.06,0.2,0.069384765625,-0.37747114719823005,19.923275184631347,8.697042465209961,0.0003,-0.007689066750754136,0.006331057,0.8730105757713318,4500
207,463,914,423936,36.711999999999996,105.71,0.2,0.0736328125,-0.3666989468969405,14.552575154602527,5.040897369384766,0.0003,-0.005460151775332633,0.007941678,0.7840763330459595,4510
208,466,912,425984,34.056,111.4,0.2,0.051416015625,-0.3344565546140075,13.583554607629775,7.268305778503418,0.0003,-0.0023465228325221686,0.0048885625,0.8700441122055054,4520
209,469,910,428032,33.926,111.5,0.2,0.052978515625,-0.41385444002225996,17.383588910102844,12.166214942932129,0.0003,-0.0030101953700068405,0.003803296,0.8822824954986572,4530
210,472,909,430080,33.73400000000001,111.87,0.2,0.041015625,-0.30278214453719554,22.274159812927245,13.402495384216309,0.0003,-0.00723341157718096,0.005013673,0.8754066228866577,4540
211,476,907,432128,35.247,109.63,0.2,0.07724609375,-0.3431501123122871,22.438891510665417,18.470748901367188,0.0003,-0.00731823237874778,0.006377501,0.88322514295578,4550
212,478,906,434176,35.18100000000001,110.16,0.2,0.0615234375,-0.3191401001531631,28.222226673364638,10.75772476196289,0.0003,-0.010021063884778414,0.0060332166,0.8653507828712463,4560
213,480,907,436224,38.24699999999999,104.3,0.2,0.0486328125,-0.26890521780587734,23.74979666173458,12.393014907836914,0.0003,-0.005224481711047701,0.0058579245,0.7923892140388489,4570
214,483,907,438272,35.981,109.33,0.2,0.0484375,-0.29431587383151053,20.342317298054695,11.822021484375,0.0003,-0.004725565458647907,0.003961789,0.8455298542976379,4580
215,485,907,440320,38.764,103.43,0.2,0.0654296875,-0.3644973196554929,21.148839113116264,6.478733062744141,0.0003,-0.007287028491555247,0.006263101,0.8589094877243042,4590
216,487,907,442368,41.35099999999999,97.5,0.2,0.06552734375,-0.2727595273405313,20.747948634624482,7.7438530921936035,0.0003,-0.009129197191214189,0.009594951,0.8028422594070435,4600
217,489,907,444416,42.041000000000004,95.87,0.2,0.041943359375,-0.1813735961448401,13.824064518511296,7.343767166137695,0.0003,-0.0059427468848298306,0.00513451,0.8305994272232056,4610
218,491,907,446464,44.37800000000002,90.93,0.2,0.046728515625,-0.22768961028195916,15.043999442458153,5.679646015167236,0.0003,-0.004137316413107328,0.0042245733,0.863325834274292,4620
219,494,907,448512,44.169,90.31,0.2,0.062744140625,-0.2448845122009516,12.975405529141426,7.810904502868652,0.0003,-0.007544518608483486,0.0071230084,0.8845783472061157,4630
220,496,907,450560,41.81999999999999,96.21,0.2,0.084521484375,-0.3487827766686678,11.471884514391423,4.4031805992126465,0.0003,-0.0036428533516300377,0.010339784,0.8203779458999634,4640
221,498,907,452608,41.196,97.68,0.2,0.08369140625,-0.3265446468722075,14.282814717292785,7.439889907836914,0.0003,-0.008181951611186377,0.010592196,0.8853732347488403,4650
222,500,908,454656,39.163000000000004,101.83,0.2,0.054833984375,-0.2521107944892719,18.48840699195862,10.3409423828125,0.0003,-0.008808730149758049,0.005159902,0.8835336565971375,4660
223,502,908,456704,39.001,102.48,0.2,0.05673828125,-0.32500210413709285,16.62997572720051,5.865393161773682,0.0003,-0.004523023299407214,0.006555401,0.8676193356513977,4670
224,505,908,458752,39.087,102.76,0.2,0.0396484375,-0.23386608231812717,20.968412779271603,11.387328147888184,0.0003,-0.005384369485545904,0.0038693673,0.859054446220398,4680
225,507,908,460800,41.652,96.61,0.2,0.0541015625,-0.3026597891468555,20.06337110698223,10.382136344909668,0.0003,-0.006639039727451746,0.0054440005,0.8793202042579651,4690
226,509,908,462848,41.501000000000005,96.6,0.2,0.046923828125,-0.22398507008329033,18.389015740156175,8.60069465637207,0.0003,-0.007932791610073764,0.005008567,0.8479722142219543,4700
227,511,908,464896,41.115,97.98,0.2,0.050244140625,-0.2434580322355032,15.17623117119074,8.750293731689453,0.0003,-0.005494659150281222,0.007980387,0.8798715472221375,4710
228,514,908,466944,39.989999999999995,100.19,0.2,0.062744140625,-0.34718463304452596,20.208749097585677,7.307369232177734,0.0003,-0.004485475907858927,0.0071934965,0.8788568377494812,4720
229,516,908,468992,40.503,99.51,0.2,0.07451171875,-0.311985445022583,20.198921909928323,8.657184600830078,0.0003,-0.006719357726979069,0.00891733,0.8722000122070312,4730
230,518,908,471040,37.446,105.71,0.2,0.067919921875,-0.3459255016874522,21.789262336492538,13.177325248718262,0.0003,-0.00881397944795026,0.005572318,0.8764209151268005,4740
231,520,908,473088,36.62,107.77,0.2,0.071826171875,-0.3758543294854462,20.88102735877037,9.602264404296875,0.0003,-0.00562835643067956,0.008810902,0.8962706327438354,4750
232,522,908,475136,34.647999999999996,111.5,0.2,0.055126953125,-0.320064536947757,28.00872323215008,6.651124477386475,0.0003,-0.005358585409703664,0.0037841378,0.8706866502761841,4760
233,525,908,477184,35.461999999999996,109.48,0.2,0.075244140625,-0.4009051413740963,21.869707655906677,7.058592319488525,0.0003,-0.006488825065025594,0.005952431,0.892209529876709,4770
234,527,908,479232,34.021,112.51,0.2,0.062841796875,-0.37255066530779,29.590468433499336,13.907060623168945,0.0003,-0.0069027161240228455,0.0063753948,0.8388224840164185,4780
235,529,908,481280,35.351000000000006,110.15,0.2,0.056591796875,-0.32849370506592096,30.870375874638558,15.259688377380371,0.0003,-0.005367650986590889,0.004558853,0.8705291152000427,4790
236,531,908,483328,37.760999999999996,105.21,0.2,0.050244140625,-0.277701649768278,27.32547160089016,13.061671257019043,0.0003,-0.007451820213464089,0.005908795,0.8160266876220703,4800
237,533,909,485376,39.476,102.42,0.2,0.05068359375,-0.2104444384109229,16.394160410761835,7.595729827880859,0.0003,-0.007840241811209125,0.0062340926,0.8415811061859131,4810
238,536,909,487424,39.933,100.98,0.2,0.05712890625,-0.3279740980360657,18.32952589690685,8.162168502807617,0.0003,-0.004373506695992546,0.004832969,0.8083077073097229,4820
239,539,907,489472,39.776,101.07,0.2,0.085205078125,-0.34334047408774493,18.370075777173042,10.354057312011719,0.0003,-0.00988921287789708,0.0124111995,0.7334179878234863,4830
240,542,906,491520,39.284,102.18,0.2,0.0833984375,-0.33871748079545794,13.876081648468972,4.444092750549316,0.0003,-0.007341628463473171,0.013593938,0.8345125913619995,4840
241,545,904,493568,36.872,107.83,0.2,0.074853515625,-0.34108396037481725,18.168048229813575,5.066917419433594,0.0003,-0.007711557993025054,0.005924348,0.8672882914543152,4850
242,548,903,495616,32.754999999999995,116.39,0.2,0.066455078125,-0.4161440758034587,19.954368332028388,9.609579086303711,0.0003,-0.0060043924939236605,0.0071617845,0.8794783353805542,4860
243,551,902,497664,36.32199999999999,108.45,0.2,0.068017578125,-0.3555520269554108,21.368414935469627,8.221101760864258,0.0003,-0.00722624874470057,0.006923637,0.8453923463821411,4870
244,554,900,499712,36.076,108.81,0.2,0.050244140625,-0.29020776427350936,21.819457343220712,10.50308895111084,0.0003,-0.008515963013996953,0.006614283,0.8512012958526611,4880
245,557,899,501760,37.93900000000001,104.58,0.2,0.0634765625,-0.28024208643473686,22.392520582675935,9.565278053283691,0.0003,-0.009261021790734958,0.007285246,0.8146952390670776,4890
